,code,Area Code,name,Item Code,Item,Element Code,Element,Source Code,Source,Unit,1961,1962,1963,1964,1965,1966,1967,1968,1969,1970,1971,1972,1973,1974,1975,1976,1977,1978,1979,1980,1981,1982,1983,1984,1985,1986,1987,1988,1989,1990,1991,1992,1993,1994,1995,1996,1997,1998,1999,2000,2001,2002,2003,2004,2005,2006,2007,2008,2009,2010,2011,2012,2013,2014,2015,2016,2017,2018,2019,2020,2030,2050
31181,,5000,World,5058,Enteric Fermentation,7225,Emissions (CH4),3050,FAO TIER 1,kilotonnes,65345.0181,66301.1211,67010.1455,67925.5358,69192.9603,70701.7538,72104.2059,73178.8117,73517.6105,73925.8884,74950.21,76201.5948,77172.4711,79001.5203,80325.7252,81017.4174,81251.6757,81427.7717,81916.3243,82884.544,83647.3347,84599.4082,85109.1711,85633.5941,86033.6241,86751.8134,86823.9921,87297.4131,88507.514,89059.6919,89166.3584,88580.0183,88221.9542,88937.8451,89214.3311,89189.5692,87592.4977,87729.366,87963.1158,88349.9792,88420.3623,89246.3093,90303.1952,91381.654,92362.6481,93179.2611,93985.1219,94660.3794,94885.8601,94810.8092,95189.1044,95954.854,96369.3028,96946.5973,97809.4203,98853.5406,99295.5717,99918.741,100834.1659,,109979.8563,122132.3797
31182,,5000,World,5058,Enteric Fermentation,7225,Emissions (CH4),3051,UNFCCC,kilotonnes,,,,,,,,,,,,,,,,,,,,,,,,,,,,,,39720.129,33093.2996,41117.6994,41350.0119,65035.7771,41884.5905,39998.9579,42164.535,39459.0294,39075.2907,63249.2749,39750.38,40301.8801,40532.0302,42907.188,44066.9251,41299.0428,40214.2084,40728.6541,40148.1313,56931.8033,39908.0334,44242.8028,41570.5707,37336.6168,52374.2051,26796.2906,25615.9137,24015.4562,23502.7663,,,
31183,,5000,World,5058,Enteric Fermentation,724413,Emissions (CO2eq) from CH4 (AR5),3050,FAO TIER 1,kilotonnes,1829660.5074,1856431.3896,1876284.0743,1901915.0038,1937402.8889,1979649.107,2018917.7657,2049006.7282,2058493.0942,2069924.8763,2098605.88,2133644.6547,2160829.1919,2212042.5672,2249120.3066,2268487.6881,2275046.92,2279977.6068,2293657.0791,2320767.2307,2342125.3717,2368783.4301,2383056.7898,2397740.6337,2408941.4754,2429050.7749,2431071.7785,2444327.5654,2478210.3932,2493671.3721,2496658.0346,2480240.5131,2470214.7174,2490259.6639,2498001.2706,2497307.9381,2452589.9368,2456422.249,2462967.242,2473799.4189,2475770.1437,2498896.6599,2528489.4643,2558686.3115,2586154.1477,2609019.3109,2631583.4129,2650490.6245,2656804.0816,2654702.6576,2665294.9227,2686735.9114,2698340.4797,2714504.724,2738663.7694,2767899.1356,2780276.0086,2797724.7474,2823356.6441,,3079435.9759,3419706.6313
31184,,5000,World,5058,Enteric Fermentation,724413,Emissions (CO2eq) from CH4 (AR5),3051,UNFCCC,kilotonnes,,,,,,,,,,,,,,,,,,,,,,,,,,,,,,1111916.8836,926374.6308,1151102.8849,1157582.3221,1820493.6364,1172469.5065,1119702.8574,1180337.2138,1104529.2363,1093834.224,1770200.5924,1112682.1658,1128200.9602,1134593.8559,1201061.3299,1228241.1279,1156140.651,1125658.0483,1140068.159,1123793.1999,1586587.7621,1117129.8737,1237235.2361,1162406.0222,1043867.0711,1460252.5004,726319.8451,685401.1851,672432.7757,658077.4453,,,
31185,,5000,World,5058,Enteric Fermentation,723113,Emissions (CO2eq) (AR5),3050,FAO TIER 1,kilotonnes,1829660.5074,1856431.3896,1876284.0743,1901915.0038,1937402.8889,1979649.107,2018917.7657,2049006.7282,2058493.0942,2069924.8763,2098605.88,2133644.6547,2160829.1919,2212042.5672,2249120.3066,2268487.6881,2275046.92,2279977.6068,2293657.0791,2320767.2307,2342125.3717,2368783.4301,2383056.7898,2397740.6337,2408941.4754,2429050.7749,2431071.7785,2444327.5654,2478210.3932,2493671.3721,2496658.0346,2480240.5131,2470214.7174,2490259.6639,2498001.2706,2497307.9381,2452589.9368,2456422.249,2462967.242,2473799.4189,2475770.1437,2498896.6599,2528489.4643,2558686.3115,2586154.1477,2609019.3109,2631583.4129,2650490.6245,2656804.0816,2654702.6576,2665294.9227,2686735.9114,2698340.4797,2714504.724,2738663.7694,2767899.1356,2780276.0086,2797724.7474,2823356.6441,,3079435.9759,3419706.6313
31186,,5000,World,5058,Enteric Fermentation,723113,Emissions (CO2eq) (AR5),3051,UNFCCC,kilotonnes,,,,,,,,,,,,,,,,,,,,,,,,,,,,,,1111916.8836,926374.6308,1151102.8849,1157582.3221,1820493.6364,1172469.5065,1119702.8574,1180337.2138,1104529.2363,1093834.224,1770200.5924,1112682.1658,1128200.9602,1134593.8559,1201061.3299,1228241.1279,1156140.651,1125658.0483,1140068.159,1123793.1999,1586587.7621,1117129.8737,1237235.2361,1162406.0222,1043867.0711,1460252.5004,726319.8451,685401.1851,672432.7757,658077.4453,,,
31187,,5000,World,5059,Manure Management,7225,Emissions (CH4),3050,FAO TIER 1,kilotonnes,7177.0555,7344.0309,7389.3861,7374.2848,7459.7066,7499.0331,7712.0195,7775.8622,7763.6454,7813.2939,8139.7122,8258.9434,8333.9593,8432.3525,8396.4847,8342.1152,8499.2646,8616.857,8774.7178,8980.0084,8967.1487,8970.2819,8977.9449,9087.0428,9115.7537,9208.305,9176.4957,9200.3501,9267.977,9261.0769,9254.0183,9084.498,9020.4797,9051.8687,9022.5782,9014.0674,8846.4284,8867.9734,8882.3852,8887.1103,8859.2894,8950.0709,9023.242,9057.6046,9129.4645,9238.7218,9317.1489,9410.1235,9442.7238,9463.3892,9476.0138,9576.7225,9580.9502,9687.7729,9777.6563,9865.3788,9931.8851,9909.598,9716.4174,,10475.1889,11234.7893
31188,,5000,World,5059,Manure Management,7225,Emissions (CH4),3051,UNFCCC,kilotonnes,,,,,,,,,,,,,,,,,,,,,,,,,,,,,,4832.0681,4513.0714,5251.8334,5602.0993,7254.6936,5522.1888,5295.1414,5375.0033,5476.6687,5484.6948,6710.5002,5894.6922,5694.5072,5708.7076,5633.4339,6239.1661,5794.4366,5909.6995,5817.6695,5774.9564,6818.0264,5812.8474,6020.595,6031.0132,5660.9108,6283.729,5371.8871,5128.338,5233.0135,5173.8663,,,
31189,,5000,World,5059,Manure Management,7230,Emissions (N2O),3050,FAO TIER 1,kilotonnes,322.2433,327.7285,334.5053,337.5938,347.2837,356.463,366.8128,370.767,370.6036,372.3185,383.8713,394.2838,401.5459,409.2698,412.5272,410.5589,410.899,413.878,418.1134,422.8515,423.5621,426.914,432.303,438.2846,441.8154,447.9843,450.755,448.2408,452.612,455.0201,457.154,451.5845,450.2583,454.28,457.2036,460.0072,432.942,434.5546,434.4523,437.5744,431.9844,431.4557,428.4884,427.4005,428.2406,431.7975,431.6201,437.236,437.4764,438.3516,434.1755,435.5928,433.3675,436.906,441.5645,445.963,449.2766,452.7322,443.5936,,544.9829,622.3895
31190,,5000,World,5059,Manure Management,7230,Emissions (N2O),3051,UNFCCC,kilotonnes,,,,,,,,,,,,,,,,,,,,,,,,,,,,,,215.2481,198.7832,281.2823,286.3083,763.1894,288.1391,281.0403,276.6682,273.6094,274.3089,418.2958,302.7727,278.4889,280.0899,276.3842,350.7282,295.2655,301.0437,302.7301,303.3222,365.9438,296.5748,336.309,363.0956,246.8701,373.5876,241.3576,227.18,226.8078,224.3485,,,
31191,,5000,World,5059,Manure Management,724413,Emissions (CO2eq) from CH4 (AR5),3050,FAO TIER 1,kilotonnes,200957.5531,205632.8654,206902.8118,206479.9755,208871.785,209972.9278,215936.5449,217724.1409,217382.0724,218772.2295,227911.9404,231250.4147,233350.8618,236105.8711,235101.5727,233579.2258,237979.4082,241271.995,245692.0979,251440.2364,251080.1647,251167.8929,251382.4559,254437.1983,255241.1023,257832.5403,256941.8808,257609.8035,259503.3555,259310.1544,259112.5114,254365.9449,252573.432,253452.3243,252632.1901,252393.8875,247699.9951,248303.2548,248706.7842,248839.0883,248060.1023,250601.984,252650.7751,253612.929,255625.0067,258684.2091,260880.1691,263483.4579,264396.2668,264974.8968,265328.3874,268148.2312,268266.6056,271257.6411,273774.3773,276230.6057,278092.7833,277468.7443,272059.6878,,293305.2897,314574.1
31192,,5000,World,5059,Manure Management,724413,Emissions (CO2eq) from CH4 (AR5),3051,UNFCCC,kilotonnes,,,,,,,,,,,,,,,,,,,,,,,,,,,,,,135310.5594,126498.065,147127.9649,156971.3945,203235.4164,154654.9231,148332.4091,150482.5902,153327.4766,153671.1897,188052.4781,165086.6162,159483.9813,159886.7431,157764.9073,174074.1971,162266.4465,165487.6545,162909.6528,161734.4249,190249.8056,162802.8561,167995.3901,168276.7295,157903.7767,174746.2999,147578.4031,142602.2604,146524.3838,144868.2632,,,
31193,,5000,World,5059,Manure Management,724313,Emissions (CO2eq) from N2O (AR5),3050,FAO TIER 1,kilotonnes,85394.469,86848.0482,88643.9163,89462.3601,92030.1846,94462.6879,97205.3847,98253.2512,98209.9586,98664.3969,101725.8986,104485.2101,106409.6693,108456.4997,109319.6952,108798.1053,108888.2433,109677.6654,110800.0496,112055.6464,112243.953,113132.2063,114560.299,116145.4245,117081.071,118715.8477,119450.069,118783.816,119942.1813,120580.3211,121145.8148,119669.902,119318.4552,120384.208,121158.9632,121901.911,114729.6268,115156.967,115129.8636,115957.2029,114475.8727,114335.7527,113549.4314,113261.1303,113483.7637,114426.348,114379.3177,115867.5362,115931.2457,116163.1807,115056.5152,115432.0934,114842.3816,115780.092,117014.6054,118180.1914,119058.2917,119974.0199,117552.3112,,144420.4809,164933.2115
31194,,5000,World,5059,Manure Management,724313,Emissions (CO2eq) from N2O (AR5),3051,UNFCCC,kilotonnes,,,,,,,,,,,,,,,,,,,,,,,,,,,,,,57403.5509,53156.9413,75086.2045,76459.3953,203334.0776,77032.2865,75188.9603,74035.09,73241.6486,73448.3787,111340.109,81101.3214,74737.6689,75222.5417,74232.1185,93254.7207,79207.1068,80732.9145,81214.117,81412.9472,97368.3365,79752.3349,89015.8949,96109.0352,65304.0481,98295.8238,63252.1993,58798.1992,60104.0611,59452.4167,,,
31195,,5000,World,5059,Manure Management,723113,Emissions (CO2eq) (AR5),3050,FAO TIER 1,kilotonnes,286352.0222,292480.9136,295546.7281,295942.3356,300901.9696,304435.6157,313141.9296,315977.3921,315592.031,317436.6263,329637.839,335735.6248,339760.531,344562.3708,344421.2679,342377.3312,346867.6515,350949.6604,356492.1475,363495.8827,363324.1176,364300.0992,365942.7549,370582.6228,372322.1734,376548.388,376391.9498,376393.6195,379445.5368,379890.4754,380258.3262,374035.847,371891.8872,373836.5323,373791.1533,374295.7984,362429.6219,363460.2218,363836.6479,364796.2912,362535.975,364937.7367,366200.2064,366874.0593,369108.7704,373110.5571,375259.4868,379350.994,380327.5125,381138.0775,380384.9026,383580.3246,383108.9872,387037.7331,390788.9827,394410.797,397151.075,397442.7642,389611.999,,437725.7706,479507.3115
31196,,5000,World,5059,Manure Management,723113,Emissions (CO2eq) (AR5),3051,UNFCCC,kilotonnes,,,,,,,,,,,,,,,,,,,,,,,,,,,,,,192714.1103,179655.0063,222214.1694,233430.7898,406569.494,231687.2096,223521.3694,224517.6802,226569.1252,227119.5684,299392.5871,246187.9376,234221.6502,235109.2848,231997.0258,267328.9178,241473.5533,246220.569,244123.7698,243147.3721,287618.1421,242555.191,257011.285,264385.7647,223207.8248,273042.1237,210830.6024,201400.4596,206628.4449,204320.6799,,,
31197,,5000,World,5060,Rice Cultivation,7225,Emissions (CH4),3050,FAO TIER 1,kilotonnes,17426.473,18052.8117,18069.7191,18809.7617,18782.7874,19064.3793,19243.2004,19561.9376,19765.1368,20026.8553,20387.1506,20046.7638,20722.6368,20864.4344,21473.9111,21432.83,21649.9988,21688.2406,21359.4953,21779.6942,21878.5556,21374.9261,21421.0833,21718.8899,21666.078,21677.0816,21258.4562,21954.4908,22386.0139,22173.3481,22090.787,22222.6677,22053.9729,22252.4763,22669.7131,22923.0133,23054.8397,22935.6248,23837.1535,23331.4567,23023.9432,22521.7489,22480.5517,22963.8138,23481.1666,23561.6391,23511.8745,24118.036,23931.2026,24370.268,24443.7283,24376.2483,24572.2603,24373.7814,24066.0206,24364.789,24633.9476,24594.6544,24084.5452,,23916.9082,23467.3142
31198,,5000,World,5060,Rice Cultivation,7225,Emissions (CH4),3051,UNFCCC,kilotonnes,,,,,,,,,,,,,,,,,,,,,,,,,,,,,,1264.5807,1263.9337,1342.9256,1400.5328,1373.4106,1382.5229,1383.6578,1337.3564,1359.3374,1400.3335,1446.3675,1288.1954,1381.1129,1247.9078,1298.4424,1401.73,1822.2539,1859.7263,1791.3226,1919.7333,2048.5301,1905.3109,1904.4064,1265.4049,1385.1585,1327.2313,6798.1895,1269.1788,1276.8441,1240.3922,,,
31199,,5000,World,5060,Rice Cultivation,724413,Emissions (CO2eq) from CH4 (AR5),3050,FAO TIER 1,kilotonnes,487941.2433,505478.7276,505952.1335,526673.3262,525918.0484,533802.6193,538809.6105,547734.2537,553423.831,560751.9484,570840.2157,561309.3854,580233.8313,584204.1638,601269.5113,600119.2402,606199.9675,607270.7355,598065.8697,609831.4371,612599.5572,598497.9296,599790.3331,608128.9176,606650.1839,606958.2841,595236.7736,614725.7427,626808.3899,620853.7481,618542.0347,622234.6964,617511.2422,623069.3353,634751.9677,641844.3712,645535.5129,642197.4957,667440.2974,653280.7866,644670.4105,630608.9679,629455.447,642986.7869,657472.6638,659725.8953,658332.486,675305.0086,670073.6717,682367.5049,684424.392,682534.9526,688023.2883,682465.8801,673848.5778,682214.0918,689750.5329,688650.3232,674367.2668,,669673.4296,657084.7978
31200,,5000,World,5060,Rice Cultivation,724413,Emissions (CO2eq) from CH4 (AR5),3051,UNFCCC,kilotonnes,,,,,,,,,,,,,,,,,,,,,,,,,,,,,,35408.2586,35390.1427,37601.9175,39214.9185,38455.5033,38710.6388,38742.4182,37445.9799,38061.4436,39209.3378,40498.2852,36069.4755,38671.1632,34941.4171,36356.3896,39248.4414,51023.1038,52072.3403,50157.0407,53752.5336,57358.845,53348.7112,53323.3764,35431.3403,38784.4409,37162.4794,190349.3062,35537.0044,35751.6304,34730.9831,,,
31201,,5000,World,5060,Rice Cultivation,723113,Emissions (CO2eq) (AR5),3050,FAO TIER 1,kilotonnes,487941.2433,505478.7276,505952.1335,526673.3262,525918.0484,533802.6193,538809.6105,547734.2537,553423.831,560751.9484,570840.2157,561309.3854,580233.8313,584204.1638,601269.5113,600119.2402,606199.9675,607270.7355,598065.8697,609831.4371,612599.5572,598497.9296,599790.3331,608128.9176,606650.1839,606958.2841,595236.7736,614725.7427,626808.3899,620853.7481,618542.0347,622234.6964,617511.2422,623069.3353,634751.9677,641844.3712,645535.5129,642197.4957,667440.2974,653280.7866,644670.4105,630608.9679,629455.447,642986.7869,657472.6638,659725.8953,658332.486,675305.0086,670073.6717,682367.5049,684424.392,682534.9526,688023.2883,682465.8801,673848.5778,682214.0918,689750.5329,688650.3232,674367.2668,,669673.4296,657084.7978
31202,,5000,World,5060,Rice Cultivation,723113,Emissions (CO2eq) (AR5),3051,UNFCCC,kilotonnes,,,,,,,,,,,,,,,,,,,,,,,,,,,,,,35408.2586,35390.1427,37601.9175,39214.9185,38455.5033,38710.6388,38742.4182,37445.9799,38061.4436,39209.3378,40498.2852,36069.4755,38671.1632,34941.4171,36356.3896,39248.4414,51023.1038,52072.3403,50157.0407,53752.5336,57358.845,53348.7112,53323.3764,35431.3403,38784.4409,37162.4794,190349.3062,35537.0044,35751.6304,34730.9831,,,
31203,,5000,World,5061,Synthetic Fertilizers,7234,Direct emissions (N2O),3050,FAO TIER 1,kilotonnes,179.0141,202.0072,228.0626,255.5891,294.7828,343.0471,374.4462,409.2299,442.2529,492.5394,523.941,562.9812,607.8526,601.9249,684.8879,703.6091,766.82,840.0583,887.0275,943.6347,945.0134,960.7295,1035.7101,1101.4075,1100.2769,1129.9703,1179.8774,1239.0448,1226.2713,1200.9119,1176.8396,1145.7006,1119.2283,1135.8252,1225.1361,1294.1703,1272.6506,1297.3507,1331.1467,1268.5773,1283.5223,1325.587,1362.5638,1407.4847,1417.1398,1454.3465,1515.5128,1496.6833,1518.9918,1578.8758,1639.5046,1647.973,1678.0275,1686.8205,1666.8494,1696.2587,1727.0825,1707.4828,1710.2747,,1904.5433,2132.4978
31204,,5000,World,5061,Synthetic Fertilizers,7234,Direct emissions (N2O),3051,UNFCCC,kilotonnes,,,,,,,,,,,,,,,,,,,,,,,,,,,,,,471.891,441.6132,537.9528,520.0926,507.7246,476.1753,504.3583,496.6871,486.5304,493.5241,491.8504,483.6525,490.4645,488.6995,492.4345,484.1392,496.6761,523.2071,507.9462,491.8651,504.4412,520.9221,540.8181,538.0223,543.6324,521.0007,560.4616,551.688,556.1582,550.8384,,,
31205,,5000,World,5061,Synthetic Fertilizers,7236,Indirect emissions (N2O),3050,FAO TIER 1,kilotonnes,58.1796,65.6523,74.1203,83.0665,95.8044,111.4903,121.695,132.9997,143.7322,160.0753,170.2808,182.9689,197.5521,195.6256,222.5886,228.673,249.2165,273.0189,288.2839,306.6813,307.1293,312.2371,336.6058,357.9574,357.59,367.2403,383.4602,402.6896,398.5382,390.2964,382.4729,372.3527,363.7492,369.1432,398.1692,420.6054,413.6114,421.639,432.6227,412.2876,417.1447,430.8158,442.8332,457.4325,460.5704,472.6626,492.5417,486.4221,493.6723,513.1346,532.839,535.5912,545.3589,548.2167,541.7261,551.2841,561.3018,554.9319,555.8393,,618.9766,693.0618
31206,,5000,World,5061,Synthetic Fertilizers,7230,Emissions (N2O),3050,FAO TIER 1,kilotonnes,237.1936,267.6595,302.1829,338.6556,390.5873,454.5373,496.1412,542.2296,585.9851,652.6147,694.2218,745.9501,805.4047,797.5505,907.4765,932.2821,1016.0365,1113.0772,1175.3114,1250.316,1252.1427,1272.9666,1372.3159,1459.3649,1457.8669,1497.2107,1563.3376,1641.7344,1624.8095,1591.2083,1559.3125,1518.0533,1482.9775,1504.9684,1623.3053,1714.7757,1686.262,1718.9896,1763.7693,1680.8649,1700.667,1756.4028,1805.397,1864.9173,1877.7102,1927.0091,2008.0544,1983.1054,2012.6641,2092.0104,2172.3436,2183.5642,2223.3865,2235.0372,2208.5755,2247.5428,2288.3843,2262.4147,2266.1139,,2523.5198,2825.5596
31207,,5000,World,5061,Synthetic Fertilizers,7230,Emissions (N2O),3051,UNFCCC,kilotonnes,,,,,,,,,,,,,,,,,,,,,,,,,,,,,,471.8911,441.6135,537.953,520.0924,507.7246,476.1753,504.3585,496.6874,486.5302,493.5239,491.8503,483.6527,490.4645,488.6993,492.4347,484.1394,496.6764,523.2072,507.9466,491.8653,504.4414,520.9222,540.8184,538.022,543.6324,521.0008,560.4612,551.6879,556.1583,550.8385,,,
31208,,5000,World,5061,Synthetic Fertilizers,724313,Emissions (CO2eq) from N2O (AR5),3050,FAO TIER 1,kilotonnes,62856.3143,70929.7697,80078.469,89743.7256,103505.6258,120452.396,131477.4265,143690.8321,155286.0435,172942.9047,183968.7789,197676.778,213432.2546,211350.8776,240481.2672,247054.7451,269249.6772,294965.4618,311457.5142,331333.7461,331817.8246,337336.1397,363663.7057,386731.7072,386334.7269,396760.8228,414284.4565,435059.605,430574.5075,421670.1863,413217.8215,402284.1202,392989.0394,398816.6367,430175.9077,454415.5591,446859.4329,455532.2527,467398.8772,445429.2079,450676.7662,465446.7306,478430.2173,494203.0784,497593.2075,510657.4007,532134.4282,525522.9359,533355.984,554382.7567,575671.0562,578644.5144,589197.4105,592284.8514,585272.5044,595598.8459,606421.8341,599539.891,600520.1903,,668732.7532,748773.3033
31209,,5000,World,5061,Synthetic Fertilizers,724313,Emissions (CO2eq) from N2O (AR5),3051,UNFCCC,kilotonnes,,,,,,,,,,,,,,,,,,,,,,,,,,,,,,125051.1316,117027.5693,142557.5493,137824.4852,134547.0221,126186.4609,133655.0039,131622.1718,128930.4968,130783.8443,130340.332,128167.9601,129973.1038,129505.3163,130495.1928,128296.9322,131619.2488,138649.9181,134605.8393,130344.3019,133676.963,138044.3838,143316.87,142575.8179,144062.5905,138065.202,148522.227,146197.2854,147381.9613,145972.2057,,,
31210,,5000,World,5061,Synthetic Fertilizers,723113,Emissions (CO2eq) (AR5),3050,FAO TIER 1,kilotonnes,62856.3143,70929.7697,80078.469,89743.7256,103505.6258,120452.396,131477.4265,143690.8321,155286.0435,172942.9047,183968.7789,197676.778,213432.2546,211350.8776,240481.2672,247054.7451,269249.6772,294965.4618,311457.5142,331333.7461,331817.8246,337336.1397,363663.7057,386731.7072,386334.7269,396760.8228,414284.4565,435059.605,430574.5075,421670.1863,413217.8215,402284.1202,392989.0394,398816.6367,430175.9077,454415.5591,446859.4329,455532.2527,467398.8772,445429.2079,450676.7662,465446.7306,478430.2173,494203.0784,497593.2075,510657.4007,532134.4282,525522.9359,533355.984,554382.7567,575671.0562,578644.5144,589197.4105,592284.8514,585272.5044,595598.8459,606421.8341,599539.891,600520.1903,,668732.7532,748773.3033
31211,,5000,World,5061,Synthetic Fertilizers,723113,Emissions (CO2eq) (AR5),3051,UNFCCC,kilotonnes,,,,,,,,,,,,,,,,,,,,,,,,,,,,,,125051.1316,117027.5693,142557.5493,137824.4852,134547.0221,126186.4609,133655.0039,131622.1718,128930.4968,130783.8443,130340.332,128167.9601,129973.1038,129505.3163,130495.1928,128296.9322,131619.2488,138649.9181,134605.8393,130344.3019,133676.963,138044.3838,143316.87,142575.8179,144062.5905,138065.202,148522.227,146197.2854,147381.9613,145972.2057,,,
31212,,5000,World,5062,Manure applied to Soils,7234,Direct emissions (N2O),3050,FAO TIER 1,kilotonnes,288.6801,294.637,298.7679,297.3714,304.0831,312.3418,320.2311,322.5474,322.6161,324.7004,335.5429,343.1754,348.6884,356.25,360.3292,360.2361,363.9737,370.0575,377.2536,382.8657,384.0683,387.2681,390.2532,396.1799,399.105,404.8717,408.2695,407.2544,412.1126,414.431,414.4356,400.9528,397.7896,399.1451,397.883,396.314,385.3663,380.4564,381.4252,384.6908,383.5427,388.6285,388.3835,390.587,394.3098,398.6911,402.3971,407.7872,410.9091,414.3467,412.0388,415.85,416.8936,419.6901,425.1907,429.8263,433.5948,431.3912,427.0051,,492.1857,552.1118
31213,,5000,World,5062,Manure applied to Soils,7234,Direct emissions (N2O),3051,UNFCCC,kilotonnes,,,,,,,,,,,,,,,,,,,,,,,,,,,,,,149.0532,145.4466,199.7068,198.2313,194.5512,188.2213,183.9915,177.6226,174.4246,171.9956,172.0521,171.8205,170.7233,170.3538,166.4545,167.0555,167.5688,168.5939,167.0017,165.5792,164.1782,165.0463,166.4308,168.7237,170.0996,170.229,174.5846,174.995,176.1215,173.6585,,,
31214,,5000,World,5062,Manure applied to Soils,7236,Indirect emissions (N2O),3050,FAO TIER 1,kilotonnes,122.6891,125.2207,126.9763,126.3828,129.2353,132.7453,136.0982,137.0827,137.1119,137.9977,142.6057,145.8495,148.1926,151.4063,153.1399,153.1004,154.6888,157.2745,160.3328,162.7179,163.229,164.589,165.8576,168.3764,169.6196,172.0705,173.5145,173.0831,175.1479,176.1332,176.1351,170.4049,169.0606,169.6367,169.1003,168.4335,163.7807,161.694,162.1057,163.4936,163.0056,165.1671,165.063,165.9995,167.5817,169.4437,171.0188,173.3095,174.6364,176.0973,175.1165,176.7362,177.1798,178.3683,180.7061,182.6762,184.2778,183.3413,181.4772,,209.1789,234.6475
31215,,5000,World,5062,Manure applied to Soils,7230,Emissions (N2O),3050,FAO TIER 1,kilotonnes,411.3692,419.8578,425.7442,423.7542,433.3184,445.0871,456.3293,459.6301,459.728,462.698,478.1487,489.0249,496.8809,507.6563,513.4691,513.3365,518.6626,527.332,537.5864,545.5837,547.2974,551.8571,556.1107,564.5563,568.7246,576.9422,581.784,580.3375,587.2605,590.5641,590.5707,571.3577,566.8502,568.7818,566.9833,564.7475,549.1469,542.1504,543.5308,548.1844,546.5483,553.7956,553.4464,556.5864,561.8915,568.1348,573.4159,581.0967,585.5455,590.444,587.1552,592.5862,594.0733,598.0584,605.8968,612.5025,617.8726,614.7325,608.4823,,701.3647,786.7593
31216,,5000,World,5062,Manure applied to Soils,7230,Emissions (N2O),3051,UNFCCC,kilotonnes,,,,,,,,,,,,,,,,,,,,,,,,,,,,,,149.0532,145.4469,199.7067,198.2313,194.5512,188.2217,183.9914,177.6225,174.4247,171.9955,172.052,171.8207,170.7232,170.3535,166.4544,167.0555,167.5688,168.5938,167.0021,165.5789,164.1784,165.0461,166.4308,168.7239,170.0996,170.2293,174.585,174.9949,176.1216,173.6586,,,
31217,,5000,World,5062,Manure applied to Soils,724313,Emissions (CO2eq) from N2O (AR5),3050,FAO TIER 1,kilotonnes,109012.8398,111262.3049,112822.2195,112294.8688,114829.3808,117948.0747,120927.2589,121801.9681,121827.917,122614.977,126709.3994,129591.6083,131673.4505,134528.9196,136069.3015,136034.175,137445.579,139742.9807,142460.4049,144579.6772,145033.7997,146242.134,147369.3476,149607.4194,150712.0155,152889.6889,154172.7681,153789.4459,155624.0356,156499.4919,156501.2485,151409.7954,150215.3085,150727.1798,150250.562,149658.0857,145523.9343,143669.8638,144035.6744,145268.8577,144835.3099,146755.8424,146663.3071,147495.3988,148901.237,150555.722,151955.2161,153990.6233,155169.5661,156467.6553,155596.1371,157035.3549,157429.4328,158485.4727,160562.6569,162313.1701,163736.2423,162904.1051,161247.8008,,185861.6366,208491.2156
31218,,5000,World,5062,Manure applied to Soils,724313,Emissions (CO2eq) from N2O (AR5),3051,UNFCCC,kilotonnes,,,,,,,,,,,,,,,,,,,,,,,,,,,,,,39499.0874,38543.4347,52922.2731,52531.3071,51556.0592,49878.7596,48757.7126,47069.973,46222.5332,45578.8146,45593.7726,45532.4897,45241.6594,45143.6819,44110.4081,44269.6976,44405.7415,44677.3444,44255.5538,43878.4098,43507.277,43737.2052,44104.1664,44711.8462,45076.3962,45110.7522,46265.0124,46373.6468,46672.231,46019.5277,,,
31219,,5000,World,5062,Manure applied to Soils,723113,Emissions (CO2eq) (AR5),3050,FAO TIER 1,kilotonnes,109012.8398,111262.3049,112822.2195,112294.8688,114829.3808,117948.0747,120927.2589,121801.9681,121827.917,122614.977,126709.3994,129591.6083,131673.4505,134528.9196,136069.3015,136034.175,137445.579,139742.9807,142460.4049,144579.6772,145033.7997,146242.134,147369.3476,149607.4194,150712.0155,152889.6889,154172.7681,153789.4459,155624.0356,156499.4919,156501.2485,151409.7954,150215.3085,150727.1798,150250.562,149658.0857,145523.9343,143669.8638,144035.6744,145268.8577,144835.3099,146755.8424,146663.3071,147495.3988,148901.237,150555.722,151955.2161,153990.6233,155169.5661,156467.6553,155596.1371,157035.3549,157429.4328,158485.4727,160562.6569,162313.1701,163736.2423,162904.1051,161247.8008,,185861.6366,208491.2156
31220,,5000,World,5062,Manure applied to Soils,723113,Emissions (CO2eq) (AR5),3051,UNFCCC,kilotonnes,,,,,,,,,,,,,,,,,,,,,,,,,,,,,,39499.0874,38543.4347,52922.2731,52531.3071,51556.0592,49878.7596,48757.7126,47069.973,46222.5332,45578.8146,45593.7726,45532.4897,45241.6594,45143.6819,44110.4081,44269.6976,44405.7415,44677.3444,44255.5538,43878.4098,43507.277,43737.2052,44104.1664,44711.8462,45076.3962,45110.7522,46265.0124,46373.6468,46672.231,46019.5277,,,
31221,,5000,World,5063,Manure left on Pasture,7234,Direct emissions (N2O),3050,FAO TIER 1,kilotonnes,1152.1875,1168.9487,1182.7073,1207.2951,1235.0752,1257.3943,1285.2605,1311.3627,1324.5169,1338.4382,1357.1257,1378.4622,1392.3529,1427.7243,1457.9464,1475.6279,1481.4928,1484.483,1495.295,1520.3497,1538.6731,1558.6894,1565.657,1567.8291,1575.4656,1593.997,1602.4535,1625.2412,1657.6102,1677.4847,1688.161,1712.2428,1713.9292,1741.6109,1760.3354,1775.3822,1767.2261,1775.543,1796.7911,1815.3219,1828.4253,1858.5992,1889.0954,1922.7241,1955.7638,1974.9897,2003.8249,2025.5362,2039.8913,2045.0437,2061.9271,2091.5158,2111.5276,2128.9298,2154.6899,2190.4027,2218.6487,2245.9689,2279.263,,2433.6672,2778.4117
31222,,5000,World,5063,Manure left on Pasture,7234,Direct emissions (N2O),3051,UNFCCC,kilotonnes,,,,,,,,,,,,,,,,,,,,,,,,,,,,,,190.5121,218.5412,272.5466,271.3042,265.4812,259.8407,260.5923,249.8921,247.4105,244.7795,247.8954,238.4408,234.2259,233.7989,237.0238,236.0409,235.2974,233.6232,232.5396,232.2964,234.9969,224.8397,230.5945,230.5006,233.5034,184.2485,185.4465,185.7337,187.7637,189.638,,,
31223,,5000,World,5063,Manure left on Pasture,7236,Indirect emissions (N2O),3050,FAO TIER 1,kilotonnes,318.384,322.6597,325.8613,331.7725,338.7764,343.8736,351.0679,357.8562,361.2148,363.8968,368.1833,371.4423,372.8143,381.4083,389.4095,393.589,394.2558,396.1361,400.0086,407.0305,412.0142,417.6078,419.342,419.2823,421.3917,426.4075,429.9612,436.9239,446.7113,452.2798,454.2007,458.128,456.3657,463.1668,467.118,471.0549,467.8838,470.7775,476.6761,481.6981,484.048,490.6464,498.1953,507.8503,517.3956,521.4947,529.6485,534.4158,537.4947,538.4287,543.658,551.8912,558.0425,562.3661,570.0781,579.5832,586.9815,593.7634,603.5659,,646.3981,740.243
31224,,5000,World,5063,Manure left on Pasture,7230,Emissions (N2O),3050,FAO TIER 1,kilotonnes,1470.5715,1491.6084,1508.5687,1539.0676,1573.8516,1601.2679,1636.3284,1669.2189,1685.7317,1702.335,1725.309,1749.9045,1765.1672,1809.1326,1847.3559,1869.2169,1875.7486,1880.6191,1895.3036,1927.3802,1950.6873,1976.2972,1984.999,1987.1114,1996.8573,2020.4045,2032.4147,2062.1651,2104.3215,2129.7645,2142.3617,2170.3709,2170.2948,2204.7777,2227.4535,2246.4371,2235.1099,2246.3204,2273.4673,2297.0199,2312.4733,2349.2456,2387.2907,2430.5744,2473.1594,2496.4843,2533.4734,2559.952,2577.386,2583.4724,2605.5851,2643.4071,2669.57,2691.2959,2724.768,2769.986,2805.6302,2839.7323,2882.8289,,3080.0653,3518.6546
31225,,5000,World,5063,Manure left on Pasture,7230,Emissions (N2O),3051,UNFCCC,kilotonnes,,,,,,,,,,,,,,,,,,,,,,,,,,,,,,190.5121,218.5413,272.5464,271.3043,265.4811,259.8409,260.5926,249.8924,247.4104,244.7793,247.8953,238.4407,234.226,233.7988,237.0237,236.041,235.2974,233.6234,232.5397,232.2965,234.9969,224.8396,230.5944,230.5004,233.5038,184.2484,185.4465,185.7334,187.7637,189.6377,,,
31226,,5000,World,5063,Manure left on Pasture,724313,Emissions (CO2eq) from N2O (AR5),3050,FAO TIER 1,kilotonnes,389701.4515,395276.2186,399770.6986,407852.9222,417070.6623,424336.0047,433627.0239,442343.0089,446718.909,451118.777,457206.8879,463724.6864,467769.3143,479420.1282,489549.3098,495342.4828,497073.38,498364.069,502255.447,510755.7652,516932.1332,523718.7501,526024.7304,526584.5282,529167.1842,535407.1827,538589.8977,546473.748,557645.1969,564387.5885,567725.8398,575148.2826,575128.1293,584266.0973,590275.1678,595305.8281,592304.1306,595274.9106,602468.8257,608710.2839,612805.4204,622550.0764,632632.046,644102.2167,655387.232,661568.3514,671370.4591,678387.2702,683007.2843,684620.1789,690480.0536,700502.8737,707436.0544,713193.4087,722063.5241,734046.2785,743491.996,752529.0652,763949.6512,,816217.3024,932443.4798
31227,,5000,World,5063,Manure left on Pasture,724313,Emissions (CO2eq) from N2O (AR5),3051,UNFCCC,kilotonnes,,,,,,,,,,,,,,,,,,,,,,,,,,,,,,50485.7066,57913.4456,72224.8008,71895.6432,70352.5007,68857.8502,69057.0484,66221.4756,65563.7606,64866.5246,65692.2584,63186.7927,62069.8936,61956.679,62811.2926,62550.8529,62353.801,61910.2008,61623.015,61558.5758,62274.1708,59582.4851,61107.5162,61082.6029,61878.5028,48825.8161,49143.3141,49219.3401,49757.3778,50254.0033,,,
31228,,5000,World,5063,Manure left on Pasture,723113,Emissions (CO2eq) (AR5),3050,FAO TIER 1,kilotonnes,389701.4515,395276.2186,399770.6986,407852.9222,417070.6623,424336.0047,433627.0239,442343.0089,446718.909,451118.777,457206.8879,463724.6864,467769.3143,479420.1282,489549.3098,495342.4828,497073.38,498364.069,502255.447,510755.7652,516932.1332,523718.7501,526024.7304,526584.5282,529167.1842,535407.1827,538589.8977,546473.748,557645.1969,564387.5885,567725.8398,575148.2826,575128.1293,584266.0973,590275.1678,595305.8281,592304.1306,595274.9106,602468.8257,608710.2839,612805.4204,622550.0764,632632.046,644102.2167,655387.232,661568.3514,671370.4591,678387.2702,683007.2843,684620.1789,690480.0536,700502.8737,707436.0544,713193.4087,722063.5241,734046.2785,743491.996,752529.0652,763949.6512,,816217.3024,932443.4798
31229,,5000,World,5063,Manure left on Pasture,723113,Emissions (CO2eq) (AR5),3051,UNFCCC,kilotonnes,,,,,,,,,,,,,,,,,,,,,,,,,,,,,,50485.7066,57913.4456,72224.8008,71895.6432,70352.5007,68857.8502,69057.0484,66221.4756,65563.7606,64866.5246,65692.2584,63186.7927,62069.8936,61956.679,62811.2926,62550.8529,62353.801,61910.2008,61623.015,61558.5758,62274.1708,59582.4851,61107.5162,61082.6029,61878.5028,48825.8161,49143.3141,49219.3401,49757.3778,50254.0033,,,
31230,,5000,World,5064,Crop Residues,7234,Direct emissions (N2O),3050,FAO TIER 1,kilotonnes,221.2059,231.3731,233.3363,244.6206,243.3055,257.1377,264.2288,272.3471,272.8534,276.1758,292.7726,286.0875,306.733,301.3123,307.7504,325.1092,324.8322,345.6155,338.7723,341.2211,353.9044,362.7637,353.4358,378.1224,383.1027,385.2172,374.3791,369.4848,392.6068,404.9844,392.2828,406.0706,397.5267,403.6511,395.8693,419.8127,428.9405,426.6992,425.6722,423.8141,431.9429,425.361,428.1818,463.1763,463.4499,462.4297,471.8544,503.1863,496.4601,496.6575,516.5783,509.1331,544.0673,556.0319,562.3395,575.6513,588.077,576.5021,583.6302,,573.8394,621.9507
31231,,5000,World,5064,Crop Residues,7234,Direct emissions (N2O),3051,UNFCCC,kilotonnes,,,,,,,,,,,,,,,,,,,,,,,,,,,,,,330.9804,328.2769,410.7515,432.3862,405.4128,407.9135,407.4755,405.1397,384.4973,402.3509,387.4924,402.2773,398.8319,390.1187,399.7778,403.8288,398.5234,384.8412,407.7433,410.8678,405.3272,421.4323,406.1763,433.0021,448.6531,425.8029,441.9295,450.3219,445.0552,457.9172,,,
31232,,5000,World,5064,Crop Residues,7236,Indirect emissions (N2O),3050,FAO TIER 1,kilotonnes,49.7713,52.059,52.5007,55.0396,54.7437,57.856,59.4515,61.2781,61.392,62.1395,65.8738,64.3697,69.0149,67.7953,69.2439,73.1496,73.0872,77.7635,76.2238,76.7747,79.6285,81.6218,79.523,85.0775,86.1981,86.6739,84.2353,83.1341,88.3365,91.1215,88.2636,91.3659,89.4435,90.8215,89.0706,94.4579,96.5116,96.0073,95.7762,95.3582,97.1872,95.7062,96.3409,104.2147,104.2762,104.0467,106.1672,113.2169,111.7035,111.7479,116.2301,114.5549,122.4151,125.1072,126.5264,129.5215,132.3173,129.713,131.3168,,129.1139,139.9389
31233,,5000,World,5064,Crop Residues,7230,Emissions (N2O),3050,FAO TIER 1,kilotonnes,270.9773,283.4321,285.837,299.6602,298.0492,314.9936,323.6803,333.6252,334.2454,338.3153,358.6465,350.4571,375.748,369.1076,376.9943,398.2587,397.9194,423.379,414.996,417.9958,433.5329,444.3855,432.9588,463.1999,469.3008,471.891,458.6144,452.6189,480.9433,496.1058,480.5464,497.4365,486.9702,494.4726,484.9399,514.2706,525.4521,522.7065,521.4484,519.1722,529.1301,521.0673,524.5227,567.391,567.7261,566.4763,578.0216,616.4032,608.1636,608.4054,632.8084,623.688,666.4824,681.1391,688.8659,705.1728,720.3943,706.2151,714.9469,,702.9532,761.8896
31234,,5000,World,5064,Crop Residues,7230,Emissions (N2O),3051,UNFCCC,kilotonnes,,,,,,,,,,,,,,,,,,,,,,,,,,,,,,330.9805,328.2771,410.7517,432.3864,405.4129,407.9134,407.4756,405.1399,384.4973,402.3512,387.492,402.2772,398.8315,390.1191,399.7777,403.829,398.5233,384.8412,407.7435,410.8679,405.3272,421.4324,406.1764,433.0022,448.653,425.8028,441.9299,450.322,445.0552,457.9173,,,
31235,,5000,World,5064,Crop Residues,724313,Emissions (CO2eq) from N2O (AR5),3050,FAO TIER 1,kilotonnes,71808.9779,75109.5007,75746.7963,79409.9622,78983.0468,83473.3146,85775.2813,88410.6794,88575.0391,89653.5549,95041.3208,92871.144,99573.2124,97813.5056,99903.489,105538.5645,105448.6511,112195.4302,109973.9463,110768.8911,114886.2195,117762.1693,114734.0823,122747.9804,124364.7012,125051.1177,121532.8092,119944.0083,127449.9867,131468.046,127344.7974,131820.6701,129047.1065,131035.2403,128509.0707,136281.7093,139244.7967,138517.2275,138183.8306,137580.6413,140219.4766,138082.8291,138998.5124,150358.6139,150447.408,150116.2304,153175.7223,163346.8395,161163.3482,161227.4299,167694.2364,165277.3196,176617.8317,180501.8578,182549.4515,186870.7927,190904.4926,187146.9893,189460.94,,186282.6103,201900.7418
31236,,5000,World,5064,Crop Residues,724313,Emissions (CO2eq) from N2O (AR5),3051,UNFCCC,kilotonnes,,,,,,,,,,,,,,,,,,,,,,,,,,,,,,87709.8218,86993.4202,108849.2016,114582.406,107434.4222,108097.0539,107981.0209,107362.0634,101891.7922,106623.0558,102685.3914,106603.4625,105690.3424,103381.5542,105941.0878,107014.6777,105608.6782,101982.9146,108052.0237,108879.9836,107411.7152,111679.5952,107636.7378,114745.5836,118893.0427,112837.7457,117111.4114,119335.337,117939.6337,121348.0723,,,
31237,,5000,World,5064,Crop Residues,723113,Emissions (CO2eq) (AR5),3050,FAO TIER 1,kilotonnes,71808.9779,75109.5007,75746.7963,79409.9622,78983.0468,83473.3146,85775.2813,88410.6794,88575.0391,89653.5549,95041.3208,92871.144,99573.2124,97813.5056,99903.489,105538.5645,105448.6511,112195.4302,109973.9463,110768.8911,114886.2195,117762.1693,114734.0823,122747.9804,124364.7012,125051.1177,121532.8092,119944.0083,127449.9867,131468.046,127344.7974,131820.6701,129047.1065,131035.2403,128509.0707,136281.7093,139244.7967,138517.2275,138183.8306,137580.6413,140219.4766,138082.8291,138998.5124,150358.6139,150447.408,150116.2304,153175.7223,163346.8395,161163.3482,161227.4299,167694.2364,165277.3196,176617.8317,180501.8578,182549.4515,186870.7927,190904.4926,187146.9893,189460.94,,186282.6103,201900.7418
31238,,5000,World,5064,Crop Residues,723113,Emissions (CO2eq) (AR5),3051,UNFCCC,kilotonnes,,,,,,,,,,,,,,,,,,,,,,,,,,,,,,87709.8218,86993.4202,108849.2016,114582.406,107434.4222,108097.0539,107981.0209,107362.0634,101891.7922,106623.0558,102685.3914,106603.4625,105690.3424,103381.5542,105941.0878,107014.6777,105608.6782,101982.9146,108052.0237,108879.9836,107411.7152,111679.5952,107636.7378,114745.5836,118893.0427,112837.7457,117111.4114,119335.337,117939.6337,121348.0723,,,
31239,,5000,World,5066,Burning - Crop residues,7225,Emissions (CH4),3050,FAO TIER 1,kilotonnes,692.515,696.8239,709.663,727.3435,725.5756,738.2234,747.8192,753.1774,748.1545,746.7436,769.3205,756.615,775.0499,787.7358,804.6285,821.2682,821.2444,821.9048,814.2492,833.5956,843.0306,830.0735,806.001,835.8364,842.2254,844.1563,827.6153,833.0477,850.9299,851.2251,851.7479,859.5842,842.5224,854.723,854.9087,875.9899,884.6345,871.9649,867.4036,864.542,862.6803,858.5188,871.0658,890.3643,904.6391,897.2735,932.6343,960.9979,947.8975,956.8018,985.9777,1006.8298,1032.0417,1028.4625,1042.372,1055.1215,1062.0707,1054.8156,1053.3483,,974.3957,1003.7233
31240,,5000,World,5066,Burning - Crop residues,7225,Emissions (CH4),3051,UNFCCC,kilotonnes,,,,,,,,,,,,,,,,,,,,,,,,,,,,,,324.266,249.4984,266.7699,251.3837,849.3788,271.1085,277.2636,274.0006,279.7034,408.8639,977.875,385.8651,392.52,403.8056,266.7379,339.9426,228.9817,274.0853,282.3669,282.4823,662.2142,269.7095,298.0238,428.7193,237.3762,264.937,61.0448,59.2024,53.2871,51.9118,,,
31241,,5000,World,5066,Burning - Crop residues,7230,Emissions (N2O),3050,FAO TIER 1,kilotonnes,17.9541,18.0658,18.3987,18.8571,18.8112,19.1391,19.3879,19.5268,19.3966,19.36,19.9453,19.6159,20.0939,20.4228,20.8607,21.2921,21.2915,21.3086,21.1102,21.6117,21.8563,21.5204,20.8963,21.6698,21.8355,21.8855,21.4567,21.5975,22.0611,22.0688,22.0824,22.2855,21.8432,22.1595,22.1643,22.7109,22.935,22.6065,22.4882,22.4141,22.3658,22.2579,22.5832,23.0835,23.4536,23.2626,24.1794,24.9148,24.5751,24.806,25.5624,26.103,26.7566,26.6638,27.0245,27.355,27.5352,27.3471,27.309,,25.2621,26.0225
31242,,5000,World,5066,Burning - Crop residues,7230,Emissions (N2O),3051,UNFCCC,kilotonnes,,,,,,,,,,,,,,,,,,,,,,,,,,,,,,9.831,7.0362,7.4908,7.1493,22.0834,7.4481,7.8604,8.3903,7.8883,10.4047,24.6566,9.9246,10.158,10.4107,7.5501,8.2267,6.3985,7.5974,7.737,7.7847,16.78,7.4541,8.2192,10.7313,6.6026,7.6193,1.98,2.0223,1.8066,1.711,,,
31243,,5000,World,5066,Burning - Crop residues,724413,Emissions (CO2eq) from CH4 (AR5),3050,FAO TIER 1,kilotonnes,19390.4197,19511.0679,19870.5636,20365.6169,20316.1162,20670.2553,20938.939,21088.9665,20948.3271,20908.8217,21540.9734,21185.2195,21701.3962,22056.603,22529.5981,22995.5096,22994.843,23013.3343,22798.9773,23340.6757,23604.8564,23242.0574,22568.027,23403.4201,23582.3104,23636.376,23173.2294,23325.3353,23826.0367,23834.3041,23848.9419,24068.3566,23590.6279,23932.2453,23937.4431,24527.7182,24769.7655,24415.0162,24287.3014,24207.1755,24155.0472,24038.527,24389.8421,24930.2,25329.8947,25123.6568,26113.7611,26907.9412,26541.1293,26790.4497,27607.3766,28191.2356,28897.1668,28796.9493,29186.4163,29543.4033,29737.9785,29534.8376,29493.7512,,27283.0788,28104.2524
31244,,5000,World,5066,Burning - Crop residues,724413,Emissions (CO2eq) from CH4 (AR5),3051,UNFCCC,kilotonnes,,,,,,,,,,,,,,,,,,,,,,,,,,,,,,9079.4469,6985.9538,7469.5567,7038.7447,23782.6075,7591.0393,7763.3799,7672.0178,7831.6939,11448.1888,27380.5002,10804.223,10990.5606,11306.5554,7468.6603,9518.3931,6411.4882,7674.3891,7906.2736,7909.5053,18541.9977,7551.8668,8344.6659,12004.1402,6646.534,7418.2351,1709.2556,1657.6661,1492.0379,1453.5303,,,
31245,,5000,World,5066,Burning - Crop residues,724313,Emissions (CO2eq) from N2O (AR5),3050,FAO TIER 1,kilotonnes,4757.8345,4787.438,4875.6475,4997.119,4984.973,5071.8682,5137.7952,5174.6075,5140.0988,5130.4053,5285.5166,5198.2252,5324.8796,5412.0369,5528.0958,5642.4167,5642.2531,5646.7904,5594.1935,5727.1102,5791.9324,5702.9122,5537.5251,5742.5059,5786.4002,5799.6663,5686.0239,5723.3462,5846.2034,5848.232,5851.8237,5905.6616,5788.4411,5872.2639,5873.5393,6018.3753,6077.7665,5990.7216,5959.3841,5939.7236,5926.9329,5898.3423,5984.5446,6117.1324,6215.2057,6164.601,6407.5432,6602.4115,6512.4067,6573.5826,6774.0322,6917.2939,7090.5085,7065.9181,7161.4818,7249.0758,7296.8188,7246.974,7236.8927,,6694.4591,6895.9508
31246,,5000,World,5066,Burning - Crop residues,724313,Emissions (CO2eq) from N2O (AR5),3051,UNFCCC,kilotonnes,,,,,,,,,,,,,,,,,,,,,,,,,,,,,,2605.2153,1864.6045,1985.0582,1894.5658,5852.1138,1973.7559,2083.0064,2223.4205,2090.3872,2757.242,6533.9905,2630.0109,2691.8611,2758.8428,2000.7801,2180.0817,1695.6,2013.3152,2050.3001,2062.957,4446.6869,1975.3317,2178.0865,2843.7886,1749.6953,2019.1231,524.707,535.8988,478.7486,453.4152,,,
31247,,5000,World,5066,Burning - Crop residues,723113,Emissions (CO2eq) (AR5),3050,FAO TIER 1,kilotonnes,24148.2542,24298.5059,24746.2111,25362.7359,25301.0892,25742.1234,26076.7342,26263.574,26088.4259,26039.227,26826.49,26383.4447,27026.2759,27468.6399,28057.6939,28637.9263,28637.0961,28660.1247,28393.1708,29067.7859,29396.7888,28944.9697,28105.5522,29145.9259,29368.7106,29436.0423,28859.2533,29048.6815,29672.2401,29682.5362,29700.7656,29974.0181,29379.0691,29804.5092,29810.9824,30546.0935,30847.5321,30405.7378,30246.6856,30146.8992,30081.9801,29936.8693,30374.3868,31047.3324,31545.1004,31288.2577,32521.3043,33510.3527,33053.5361,33364.0323,34381.4088,35108.5295,35987.6753,35862.8674,36347.898,36792.4791,37034.7973,36781.8117,36730.6439,,33977.5379,35000.2032
31248,,5000,World,5066,Burning - Crop residues,723113,Emissions (CO2eq) (AR5),3051,UNFCCC,kilotonnes,,,,,,,,,,,,,,,,,,,,,,,,,,,,,,11684.6622,8850.5583,9454.6149,8933.3105,29634.7213,9564.7952,9846.3863,9895.4383,9922.0811,14205.4308,33914.4907,13434.2339,13682.4217,14065.3982,9469.4404,11698.4748,8107.0882,9687.7043,9956.5737,9972.4623,22988.6846,9527.1985,10522.7524,14847.9288,8396.2293,9437.3582,2233.9626,2193.5649,1970.7865,1906.9455,,,
31249,,5000,World,6729,Drained organic soils,723113,Emissions (CO2eq) (AR5),3050,FAO TIER 1,kilotonnes,,,,,,,,,,,,,,,,,,,,,,,,,,,,,,735896.0198,735896.0198,735896.0198,735896.0198,736200.5475,742653.8364,741906.3941,743848.9937,747599.3324,753671.9746,756755.5306,756811.1058,759381.7413,762219.3809,765653.9465,771736.2965,779189.6772,787966.805,794198.9568,798102.3757,805437.7907,811417.2547,816274.9911,818188.3637,822905.9412,822681.3783,827005.1918,828708.8847,832875.4186,832875.4186,,,
31250,,5000,World,67292,Drained organic soils (CO2),7273,Emissions (CO2),3050,FAO TIER 1,kilotonnes,,,,,,,,,,,,,,,,,,,,,,,,,,,,,,634656.7363,634656.7363,634656.7363,634656.7363,634684.9084,640518.9529,639917.7344,641743.1153,645355.3776,650518.1836,653272.3494,653328.6892,655683.8892,658301.0357,661428.0604,666983.2869,673792.6219,681797.7822,687496.1963,691067.1837,697704.9206,703079.4128,707479.6235,709222.1608,713563.475,713356.3186,717296.9816,718816.1746,722422.8467,722422.8467,,,
31251,,5000,World,67292,Drained organic soils (CO2),7273,Emissions (CO2),3051,UNFCCC,kilotonnes,,,,,,,,,,,,,,,,,,,,,,,,,,,,,,3842.0182,3829.7969,5190.0583,5159.0934,5111.5052,5064.2272,5040.6233,5008.6041,4945.0749,4897.0637,273432.6382,272316.9747,273270.6451,274323.4713,279069.9124,285450.7187,290978.0186,297571.2717,302159.2504,308413.0969,317798.2164,327466.396,333391.0839,346257.9839,346576.2914,364467.7863,362744.1115,4872.4248,4876.2295,4869.2296,,,
31252,,5000,World,67292,Drained organic soils (CO2),723113,Emissions (CO2eq) (AR5),3050,FAO TIER 1,kilotonnes,,,,,,,,,,,,,,,,,,,,,,,,,,,,,,634656.7363,634656.7363,634656.7363,634656.7363,634684.9084,640518.9529,639917.7344,641743.1153,645355.3776,650518.1836,653272.3494,653328.6892,655683.8892,658301.0357,661428.0604,666983.2869,673792.6219,681797.7822,687496.1963,691067.1837,697704.9206,703079.4128,707479.6235,709222.1608,713563.475,713356.3186,717296.9816,718816.1746,722422.8467,722422.8467,,,
31253,,5000,World,67292,Drained organic soils (CO2),723113,Emissions (CO2eq) (AR5),3051,UNFCCC,kilotonnes,,,,,,,,,,,,,,,,,,,,,,,,,,,,,,3842.0182,3829.7969,5190.0583,5159.0934,5111.5052,5064.2272,5040.6233,5008.6041,4945.0749,4897.0637,273432.6382,272316.9747,273270.6451,274323.4713,279069.9124,285450.7187,290978.0186,297571.2717,302159.2504,308413.0969,317798.2164,327466.396,333391.0839,346257.9839,346576.2914,364467.7863,362744.1115,4872.4248,4876.2295,4869.2296,,,
31254,,5000,World,67291,Drained organic soils (N2O),7230,Emissions (N2O),3050,FAO TIER 1,kilotonnes,,,,,,,,,,,,,,,,,,,,,,,,,,,,,,382.035,382.035,382.035,382.035,383.0779,385.4147,384.8629,385.3052,385.8262,389.2596,390.5026,390.4997,391.3126,392.1447,393.3052,395.2944,397.7247,400.6378,402.6519,403.9064,406.5391,408.822,410.5486,411.1932,412.6131,412.5474,413.9932,414.6895,416.8022,416.8022,,,
31255,,5000,World,67291,Drained organic soils (N2O),7230,Emissions (N2O),3051,UNFCCC,kilotonnes,,,,,,,,,,,,,,,,,,,,,,,,,,,,,,74.3443,80.7454,180.6285,179.1866,177.5533,176.0247,174.4516,172.5528,170.3216,168.2088,166.6205,165.4735,164.3504,161.5448,160.6206,159.1057,157.8779,156.9345,156.4449,156.178,155.41,155.0149,154.8336,154.3213,154.1573,147.2141,147.5523,146.9785,146.8242,146.5925,,,
31256,,5000,World,67291,Drained organic soils (N2O),724313,Emissions (CO2eq) from N2O (AR5),3050,FAO TIER 1,kilotonnes,,,,,,,,,,,,,,,,,,,,,,,,,,,,,,101239.2835,101239.2835,101239.2835,101239.2835,101515.6391,102134.8835,101988.6597,102105.8784,102243.9548,103153.791,103483.1812,103482.4166,103697.8522,103918.3452,104225.8861,104753.0096,105397.0553,106169.0228,106702.7605,107035.192,107732.8701,108337.8419,108795.3676,108966.2028,109342.4662,109325.0597,109708.2101,109892.7102,110452.5719,110452.5719,,,
31257,,5000,World,67291,Drained organic soils (N2O),724313,Emissions (CO2eq) from N2O (AR5),3051,UNFCCC,kilotonnes,,,,,,,,,,,,,,,,,,,,,,,,,,,,,,19701.2445,21397.5324,47866.5588,47484.4528,47051.6367,46646.5507,46229.6812,45726.4877,45135.2256,44575.3264,44154.4242,43850.4798,43552.8543,42809.3642,42564.4683,42162.9988,41837.6469,41587.6338,41457.8979,41387.1773,41183.6545,41078.9595,41030.9012,40895.1484,40851.6916,39011.7242,39101.3714,38949.2972,38908.4023,38847.0098,,,
31258,,5000,World,67291,Drained organic soils (N2O),723113,Emissions (CO2eq) (AR5),3050,FAO TIER 1,kilotonnes,,,,,,,,,,,,,,,,,,,,,,,,,,,,,,101239.2835,101239.2835,101239.2835,101239.2835,101515.6391,102134.8835,101988.6597,102105.8784,102243.9548,103153.791,103483.1812,103482.4166,103697.8522,103918.3452,104225.8861,104753.0096,105397.0553,106169.0228,106702.7605,107035.192,107732.8701,108337.8419,108795.3676,108966.2028,109342.4662,109325.0597,109708.2101,109892.7102,110452.5719,110452.5719,,,
31259,,5000,World,67291,Drained organic soils (N2O),723113,Emissions (CO2eq) (AR5),3051,UNFCCC,kilotonnes,,,,,,,,,,,,,,,,,,,,,,,,,,,,,,19701.2445,21397.5324,47866.5588,47484.4528,47051.6367,46646.5507,46229.6812,45726.4877,45135.2256,44575.3264,44154.4242,43850.4798,43552.8543,42809.3642,42564.4683,42162.9988,41837.6469,41587.6338,41457.8979,41387.1773,41183.6545,41078.9595,41030.9012,40895.1484,40851.6916,39011.7242,39101.3714,38949.2972,38908.4023,38847.0098,,,
31260,,5000,World,6750,Net Forest conversion,7273,Emissions (CO2),3050,FAO TIER 1,kilotonnes,,,,,,,,,,,,,,,,,,,,,,,,,,,,,,4271167.1477,4271167.1477,4271167.1477,4271167.1477,4271167.1477,4271167.1477,4271167.1477,4271167.1477,4271167.1477,4271167.1477,4271167.1477,3693381.7522,3693381.7522,3693381.7522,3693381.7522,3693381.7522,3693381.7522,3693381.7522,3693381.7522,3693381.7522,3693381.7522,3302172.287,3302172.287,3302172.287,3302172.287,3302172.287,2945052.5669,2945052.5669,2945052.5669,2945052.5669,,,
31261,,5000,World,6750,Net Forest conversion,7273,Emissions (CO2),3051,UNFCCC,kilotonnes,,,,,,,,,,,,,,,,,,,,,,,,,,,,,,585928.7921,682902.5518,641501.1901,573381.405,549599.1762,248214.9656,1220147.7718,1221067.8192,1221904.5607,1231764.5119,1973607.7828,1235554.9909,1655011.9115,1692408.9628,1686955.7413,1500972.3953,918113.0577,956212.0805,995011.7677,683496.28,674476.0027,585185.2552,554720.5258,620609.0449,557387.7019,537413.3786,203491.4466,157439.9902,160191.6677,157743.7419,,,
31262,,5000,World,6750,Net Forest conversion,723113,Emissions (CO2eq) (AR5),3050,FAO TIER 1,kilotonnes,,,,,,,,,,,,,,,,,,,,,,,,,,,,,,4271167.1477,4271167.1477,4271167.1477,4271167.1477,4271167.1477,4271167.1477,4271167.1477,4271167.1477,4271167.1477,4271167.1477,4271167.1477,3693381.7522,3693381.7522,3693381.7522,3693381.7522,3693381.7522,3693381.7522,3693381.7522,3693381.7522,3693381.7522,3693381.7522,3302172.287,3302172.287,3302172.287,3302172.287,3302172.287,2945052.5669,2945052.5669,2945052.5669,2945052.5669,,,
31263,,5000,World,6750,Net Forest conversion,723113,Emissions (CO2eq) (AR5),3051,UNFCCC,kilotonnes,,,,,,,,,,,,,,,,,,,,,,,,,,,,,,585928.7921,682902.5518,641501.1901,573381.405,549599.1762,248214.9656,1220147.7718,1221067.8192,1221904.5607,1231764.5119,1973607.7828,1235554.9909,1655011.9115,1692408.9628,1686955.7413,1500972.3953,918113.0577,956212.0805,995011.7677,683496.28,674476.0027,585185.2552,554720.5258,620609.0449,557387.7019,537413.3786,203491.4466,157439.9902,160191.6677,157743.7419,,,
31264,,5000,World,6751,Forestland,7273,Emissions (CO2),3050,FAO TIER 1,kilotonnes,,,,,,,,,,,,,,,,,,,,,,,,,,,,,,-3448167.2127,-3448167.2127,-3448167.2127,-3448167.2127,-3448167.2127,-3448167.2127,-3448167.2127,-3448167.2127,-3448167.2127,-3448167.2127,-3448167.2127,-3148174.6587,-3148174.6587,-3148174.6587,-3148174.6587,-3148174.6587,-3148174.6587,-3148174.6587,-3148174.6587,-3148174.6587,-3148174.6587,-3966552.5581,-3966552.5581,-3966552.5581,-3966552.5581,-3966552.5581,-2636985.222,-2636985.222,-2636985.222,-2636985.222,,,
31265,,5000,World,6751,Forestland,7273,Emissions (CO2),3051,UNFCCC,kilotonnes,,,,,,,,,,,,,,,,,,,,,,,,,,,,,,-1688166.7401,-1810165.9148,-2329198.9747,-2451319.3547,-2682646.0614,-2305872.7235,-2387628.1485,-2458086.5826,-2538480.3964,-2572520.1502,-3041582.0666,-2627412.5493,-2600756.5663,-2601077.6176,-2377548.1294,-2690106.8561,-2753441.0135,-2718891.1774,-2810826.5885,-2890585.6896,-3564839.7323,-2662712.5929,-3478635.2601,-2683811.931,-2649916.3258,-3404492.9871,-2720180.9735,-2367084.9198,-2427864.4818,-2295285.0716,,,
31266,,5000,World,6751,Forestland,723113,Emissions (CO2eq) (AR5),3050,FAO TIER 1,kilotonnes,,,,,,,,,,,,,,,,,,,,,,,,,,,,,,-3448167.2127,-3448167.2127,-3448167.2127,-3448167.2127,-3448167.2127,-3448167.2127,-3448167.2127,-3448167.2127,-3448167.2127,-3448167.2127,-3448167.2127,-3148174.6587,-3148174.6587,-3148174.6587,-3148174.6587,-3148174.6587,-3148174.6587,-3148174.6587,-3148174.6587,-3148174.6587,-3148174.6587,-3966552.5581,-3966552.5581,-3966552.5581,-3966552.5581,-3966552.5581,-2636985.222,-2636985.222,-2636985.222,-2636985.222,,,
31267,,5000,World,6751,Forestland,723113,Emissions (CO2eq) (AR5),3051,UNFCCC,kilotonnes,,,,,,,,,,,,,,,,,,,,,,,,,,,,,,-1688166.7401,-1810165.9148,-2329198.9747,-2451319.3547,-2682646.0614,-2305872.7235,-2387628.1485,-2458086.5826,-2538480.3964,-2572520.1502,-3041582.0666,-2627412.5493,-2600756.5663,-2601077.6176,-2377548.1294,-2690106.8561,-2753441.0135,-2718891.1774,-2810826.5885,-2890585.6896,-3564839.7323,-2662712.5929,-3478635.2601,-2683811.931,-2649916.3258,-3404492.9871,-2720180.9735,-2367084.9198,-2427864.4818,-2295285.0716,,,
31268,,5000,World,6795,Savanna fires,7225,Emissions (CH4),3050,FAO TIER 1,kilotonnes,,,,,,,,,,,,,,,,,,,,,,,,,,,,,,5264.9447,5264.9447,5264.9447,5264.9447,5264.9447,5264.9447,4717.4064,4545.4917,5392.0728,5496.4219,5760.4401,5878.833,6295.9438,5156.6881,5697.7427,5262.4139,5416.0252,5782.7719,4968.7028,4535.774,4923.8139,6552.0427,6389.1638,4332.4073,4685.6229,4714.8299,4267.1185,4987.4153,4495.6779,4004.9294,,,
31269,,5000,World,6795,Savanna fires,7225,Emissions (CH4),3051,UNFCCC,kilotonnes,,,,,,,,,,,,,,,,,,,,,,,,,,,,,,404.1811,365.4277,311.0333,299.3803,305.6809,286.0501,308.9739,316.584,326.7223,351.2413,387.5083,364.3096,358.3527,365.1875,315.8811,342.4484,387.9609,410.2413,318.077,314.5274,1153.5129,306.3851,320.5459,289.4782,329.2905,302.1269,250.0111,256.3511,224.3235,228.14,,,
31270,,5000,World,6795,Savanna fires,7230,Emissions (N2O),3050,FAO TIER 1,kilotonnes,,,,,,,,,,,,,,,,,,,,,,,,,,,,,,480.7123,480.7123,480.7123,480.7123,480.7123,480.7123,430.7197,415.0232,492.3197,501.8472,525.9532,536.763,574.847,470.828,520.2287,480.4813,494.5066,527.9922,453.6642,414.1359,449.5656,598.23,583.3584,395.5676,427.8177,430.4845,389.6065,455.3727,410.4749,365.6675,,,
31271,,5000,World,6795,Savanna fires,7230,Emissions (N2O),3051,UNFCCC,kilotonnes,,,,,,,,,,,,,,,,,,,,,,,,,,,,,,9.2977,8.4685,7.4978,7.511,8.4716,7.6399,9.2341,8.6512,8.9942,10.6025,11.9252,10.6124,10.2238,10.6935,8.4491,9.7212,12.067,12.045,8.8766,9.3455,19.8788,11.1613,10.5934,8.6292,10.0879,9.2834,7.4392,8.3437,7.1232,7.1949,,,
31272,,5000,World,6795,Savanna fires,7273,Emissions (CO2),3051,UNFCCC,kilotonnes,,,,,,,,,,,,,,,,,,,,,,,,,,,,,,5172.0,3082.0,2995.0,5120.0,4038.0,1488.0,1717.0,2827.0,4150.0,1853.0,2993.0,2027.0,1131.0,2511.0,1799.0,1334.0,1215.0,5864.0,2162.0,2663.0,1769.0,2564.0,4302.0,487.0,1232.0,750.0,910.0,2713.0,242.0,540.0,,,
31273,,5000,World,6795,Savanna fires,724413,Emissions (CO2eq) from CH4 (AR5),3050,FAO TIER 1,kilotonnes,,,,,,,,,,,,,,,,,,,,,,,,,,,,,,147418.4514,147418.4514,147418.4514,147418.4514,147418.4514,147418.4514,132087.3791,127273.7675,150978.0371,153899.8136,161292.3224,164607.3237,176286.4265,144387.2664,159536.7959,147347.5885,151648.7053,161917.613,139123.6792,127001.672,137866.7895,183457.1956,178896.5866,121307.4035,131197.4418,132015.2366,119479.3189,139647.6281,125878.9823,112138.0241,,,
31274,,5000,World,6795,Savanna fires,724413,Emissions (CO2eq) from CH4 (AR5),3051,UNFCCC,kilotonnes,,,,,,,,,,,,,,,,,,,,,,,,,,,,,,11317.0703,10231.9722,8708.9335,8382.6509,8495.7865,8009.4006,8651.2716,8864.3536,9148.2354,9834.7547,10784.7136,10200.6692,10033.8781,10225.2482,8844.6706,9523.0398,10862.9113,11486.7562,8906.1544,8806.7611,8320.8387,8578.7798,8975.2903,8105.3844,9220.1399,8394.0348,6934.7896,7177.8328,6281.0564,6387.9223,,,
31275,,5000,World,6795,Savanna fires,724313,Emissions (CO2eq) from N2O (AR5),3050,FAO TIER 1,kilotonnes,,,,,,,,,,,,,,,,,,,,,,,,,,,,,,127388.7706,127388.7706,127388.7706,127388.7706,127388.7706,127388.7706,114140.7269,109981.1358,130464.7133,132989.5144,139377.6065,142242.1982,152334.4664,124769.4313,137860.6008,127327.5357,131044.2616,139917.9373,120221.0054,109746.01,119134.8887,158530.9462,154589.9852,104825.4194,113371.7024,114078.3838,103245.7158,120673.7655,108775.8597,96901.8796,,,
31276,,5000,World,6795,Savanna fires,724313,Emissions (CO2eq) from N2O (AR5),3051,UNFCCC,kilotonnes,,,,,,,,,,,,,,,,,,,,,,,,,,,,,,2463.9128,2244.1682,1986.9138,1990.4058,2189.3274,2024.6281,2447.0412,2292.5935,2383.4458,2809.6483,3104.5616,2812.3183,2709.3019,2833.7275,2239.0107,2520.4145,3197.7468,3191.9236,2352.2727,2476.5519,2297.2539,2957.774,2807.2729,2286.8159,2673.3042,2404.4229,1915.8017,2211.1421,1887.6476,1906.6649,,,
31277,,5000,World,6795,Savanna fires,723113,Emissions (CO2eq) (AR5),3050,FAO TIER 1,kilotonnes,,,,,,,,,,,,,,,,,,,,,,,,,,,,,,274807.222,274807.222,274807.222,274807.222,274807.222,274807.222,246228.1059,237254.9033,281442.7504,286889.328,300669.9289,306849.5219,328620.8929,269156.6977,297397.3967,274675.1243,282692.9669,301835.5502,259344.6846,236747.682,257001.6782,341988.1417,333486.5718,226132.8229,244569.1442,246093.6205,222725.0348,260321.3936,234654.8421,209039.9037,,,
31278,,5000,World,6795,Savanna fires,723113,Emissions (CO2eq) (AR5),3051,UNFCCC,kilotonnes,,,,,,,,,,,,,,,,,,,,,,,,,,,,,,13780.9831,12476.1404,10695.8473,10373.0567,10685.1139,10034.0287,11098.3128,11156.9471,11531.6812,12644.403,13889.2752,13012.9875,12743.18,13058.9757,11083.6813,12043.4543,14060.6581,14678.6798,11258.4271,11283.313,10618.0926,11536.5538,11782.5632,10392.2003,11893.4441,10798.4577,8850.5913,9388.9749,8168.704,8294.5872,,,
31279,,5000,World,69921,Fires in humid tropical forests,7225,Emissions (CH4),3050,FAO TIER 1,kilotonnes,,,,,,,,,,,,,,,,,,,,,,,,,,,,,,2591.4146,2591.4146,2591.4146,2591.4146,2591.4146,2591.4146,3157.3158,5273.6449,5870.6207,4315.6153,2671.2152,1319.8277,1747.7247,2299.4741,2496.4946,2473.6187,2219.3324,2586.8599,2100.8624,2009.9012,2794.0718,2111.691,2172.152,1933.2816,1986.5479,2347.2986,2301.9482,2287.6252,1795.1932,2158.6606,,,
31280,,5000,World,69921,Fires in humid tropical forests,7230,Emissions (N2O),3050,FAO TIER 1,kilotonnes,,,,,,,,,,,,,,,,,,,,,,,,,,,,,,182.7642,182.7642,182.7642,182.7642,182.7642,182.7642,92.8622,155.1072,172.6653,126.9299,78.5652,120.506,159.5749,209.952,227.9408,225.8521,202.6347,236.1916,191.8179,183.5127,255.1109,192.8066,198.3269,176.517,181.3805,214.3186,210.1779,208.8701,163.9089,197.0951,,,
31281,,5000,World,69921,Fires in humid tropical forests,724413,Emissions (CO2eq) from CH4 (AR5),3050,FAO TIER 1,kilotonnes,,,,,,,,,,,,,,,,,,,,,,,,,,,,,,72559.6086,72559.6086,72559.6086,72559.6086,72559.6086,72559.6086,88404.8428,147662.0578,164377.3785,120837.2272,74794.0248,36955.1752,48936.2919,64385.2741,69901.8481,69261.3236,62141.3062,72432.0777,58824.1483,56277.2337,78234.0108,59127.3486,60820.2563,54131.8858,55623.3424,65724.362,64454.5504,64053.5047,50265.4102,60442.4967,,,
31282,,5000,World,69921,Fires in humid tropical forests,724313,Emissions (CO2eq) from N2O (AR5),3050,FAO TIER 1,kilotonnes,,,,,,,,,,,,,,,,,,,,,,,,,,,,,,48432.511,48432.511,48432.511,48432.511,48432.511,48432.511,24608.4915,41103.4083,45756.3077,33636.4132,20819.7658,31934.0916,42287.3392,55637.2749,60404.3144,59850.8176,53698.194,62590.7628,50831.7369,48630.8705,67604.3898,51093.7415,52556.6345,46777.01,48065.8231,56794.4215,55697.1387,55350.5829,43435.8708,52230.2009,,,
31283,,5000,World,69921,Fires in humid tropical forests,723113,Emissions (CO2eq) (AR5),3050,FAO TIER 1,kilotonnes,,,,,,,,,,,,,,,,,,,,,,,,,,,,,,120992.1195,120992.1195,120992.1195,120992.1195,120992.1195,120992.1195,113013.3343,188765.4661,210133.6862,154473.6404,95613.7906,68889.2669,91223.6312,120022.549,130306.1624,129112.1412,115839.5002,135022.8406,109655.8852,104908.1042,145838.4005,110221.0901,113376.8909,100908.8959,103689.1655,122518.7834,120151.6891,119404.0875,93701.281,112672.6976,,,
31284,,5000,World,6992,Forest fires,7225,Emissions (CH4),3050,FAO TIER 1,kilotonnes,,,,,,,,,,,,,,,,,,,,,,,,,,,,,,3825.876,3825.876,3825.876,3825.876,3825.876,3825.876,4935.1866,7069.4908,8653.4039,6833.625,4480.0269,1925.8743,2433.2606,3348.7947,3487.9024,3327.8533,3122.1368,3608.297,3113.2873,3049.165,3912.2417,2950.4842,3243.1127,2835.8821,2902.2595,3238.5988,3280.9634,3214.4899,2771.2947,3417.1092,,,
31285,,5000,World,6992,Forest fires,7225,Emissions (CH4),3051,UNFCCC,kilotonnes,,,,,,,,,,,,,,,,,,,,,,,,,,,,,,416.0118,412.0167,393.5998,386.5458,384.3487,353.8803,371.2676,315.8214,318.6289,337.2877,382.51,338.4914,641.1886,551.4864,518.9196,485.7712,400.7966,748.1655,454.728,610.686,536.6216,538.5077,762.7319,413.8605,573.285,810.3346,517.0647,708.7093,584.8068,573.7862,,,
31286,,5000,World,6992,Forest fires,7230,Emissions (N2O),3050,FAO TIER 1,kilotonnes,,,,,,,,,,,,,,,,,,,,,,,,,,,,,,269.5289,269.5289,269.5289,269.5289,269.5289,269.5289,167.4688,221.4541,278.605,217.4651,147.6796,175.8407,222.1673,305.7595,318.4607,303.8475,285.0647,329.4532,284.2567,278.402,357.2047,269.392,296.1103,258.9284,264.9889,295.6981,299.5662,293.4969,253.0313,311.9969,,,
31287,,5000,World,6992,Forest fires,7230,Emissions (N2O),3051,UNFCCC,kilotonnes,,,,,,,,,,,,,,,,,,,,,,,,,,,,,,10.173,10.9422,9.0396,8.5788,9.3873,8.0367,8.7425,7.2613,7.8489,8.9154,10.3334,8.5782,25.0643,19.3726,19.5796,16.5149,10.4476,26.826,11.2398,17.9693,14.4588,13.6593,27.2858,11.0677,18.7505,32.3782,14.4761,29.224,23.9989,23.9106,,,
31288,,5000,World,6992,Forest fires,7273,Emissions (CO2),3051,UNFCCC,kilotonnes,,,,,,,,,,,,,,,,,,,,,,,,,,,,,,-1.0,-41.0,-35.0,-28.0,-15.0,-17.0,-11.0,88.0,68.0,57.0,42.0,127.0,30.0,35.0,34.0,77.0,-2.0,76.0,74.0,65.0,50.0,89.0,84.0,185.0,275.0,301.0,213.0,82.0,-66.0,-191.0,,,
31289,,5000,World,6992,Forest fires,724413,Emissions (CO2eq) from CH4 (AR5),3050,FAO TIER 1,kilotonnes,,,,,,,,,,,,,,,,,,,,,,,,,,,,,,107124.5277,107124.5277,107124.5277,107124.5277,107124.5277,107124.5277,138185.2247,197945.7413,242295.3102,191341.5012,125440.7528,53924.4791,68131.2971,93766.2507,97661.2666,93179.8925,87419.8294,101032.3171,87172.0442,85376.62,109542.7665,82613.5586,90807.1568,79404.698,81263.2654,90680.7656,91866.9743,90005.7169,77596.2525,95679.0565,,,
31290,,5000,World,6992,Forest fires,724413,Emissions (CO2eq) from CH4 (AR5),3051,UNFCCC,kilotonnes,,,,,,,,,,,,,,,,,,,,,,,,,,,,,,11637.1294,11528.0672,11010.7127,10815.1629,10753.0816,9900.8095,10387.652,8834.599,8904.8115,9435.9337,10702.1588,9468.2402,17938.1602,15426.7779,14514.908,13580.5952,11207.1838,20933.5142,12724.2629,17082.9687,15004.1259,15070.095,21346.4124,11572.9753,16029.579,22679.5697,11600.9317,19286.6613,16374.5915,16066.0134,,,
31291,,5000,World,6992,Forest fires,724313,Emissions (CO2eq) from N2O (AR5),3050,FAO TIER 1,kilotonnes,,,,,,,,,,,,,,,,,,,,,,,,,,,,,,71425.1569,71425.1569,71425.1569,71425.1569,71425.1569,71425.1569,44379.2301,58685.324,73830.3178,57628.2613,39135.0853,46597.7836,58874.3274,81026.271,84392.0728,80519.581,75542.1352,87305.1001,75328.0164,73776.5358,94659.2384,71388.8904,78469.2279,68616.0162,70222.0609,78360.0094,79385.0484,77776.6793,67053.2834,82679.1847,,,
31292,,5000,World,6992,Forest fires,724313,Emissions (CO2eq) from N2O (AR5),3051,UNFCCC,kilotonnes,,,,,,,,,,,,,,,,,,,,,,,,,,,,,,2693.1984,2897.0333,2392.8362,2270.7156,2485.0057,2127.0914,2314.1165,1921.6062,2074.6719,2359.92,2735.6865,2270.5656,6639.3915,5131.0746,5185.9531,4371.1497,2765.9612,7106.2397,2975.8864,4756.5586,3826.2958,3617.0539,7228.0782,2930.2721,4963.5779,8577.5602,3121.7829,7399.844,6359.7255,6336.3234,,,
31293,,5000,World,6992,Forest fires,723113,Emissions (CO2eq) (AR5),3050,FAO TIER 1,kilotonnes,,,,,,,,,,,,,,,,,,,,,,,,,,,,,,178549.6846,178549.6846,178549.6846,178549.6846,178549.6846,178549.6846,182564.4548,256631.0653,316125.628,248969.7625,164575.8381,100522.2627,127005.6245,174792.5218,182053.3394,173699.4736,162961.9646,188337.4171,162500.0606,159153.1558,204202.0049,154002.449,169276.3846,148020.7143,151485.3263,169040.775,171252.0227,167782.3962,144649.5359,178358.2411,,,
31294,,5000,World,6992,Forest fires,723113,Emissions (CO2eq) (AR5),3051,UNFCCC,kilotonnes,,,,,,,,,,,,,,,,,,,,,,,,,,,,,,14330.3278,14425.1005,13403.5489,13085.8785,13238.0873,12027.9009,12701.7685,10756.2052,10979.4834,11795.8537,13437.8453,11738.8058,24577.5517,20557.8525,19700.8611,17951.7449,13973.145,28039.7539,15700.1493,21839.5273,18830.4217,18687.1489,28574.4906,14503.2474,20993.1569,31257.1299,14722.7146,26686.5053,22734.317,22402.3368,,,
31295,,5000,World,6993,Fires in organic soils,7225,Emissions (CH4),3050,FAO TIER 1,kilotonnes,,,,,,,,,,,,,,,,,,,,,,,,,,,,,,2595.112,2595.112,2595.112,2595.112,2595.112,2595.112,703.3092,9112.1137,2277.7321,1035.6714,361.8687,369.1042,4951.0005,1576.5953,4908.2924,2312.5683,5876.5076,530.6194,355.4285,4052.0869,405.6899,1998.8712,2077.017,1842.3226,5063.2645,5358.2544,668.6958,238.9072,2002.7494,4080.4261,,,
31296,,5000,World,6993,Fires in organic soils,7273,Emissions (CO2),3050,FAO TIER 1,kilotonnes,,,,,,,,,,,,,,,,,,,,,,,,,,,,,,210824.8667,210824.8667,210824.8667,210824.8667,210824.8667,210824.8667,57583.4395,746054.3059,186489.3135,84795.5952,29628.0003,29906.8838,401410.722,127790.2163,397874.3632,187593.255,476215.192,42996.7074,28800.5033,328356.4675,32899.0119,161967.1854,168295.1468,149304.3039,410655.3915,434444.4353,54230.1522,19373.925,162319.801,330766.3082,,,
31297,,5000,World,6993,Fires in organic soils,724413,Emissions (CO2eq) from CH4 (AR5),3050,FAO TIER 1,kilotonnes,,,,,,,,,,,,,,,,,,,,,,,,,,,,,,72663.1359,72663.1359,72663.1359,72663.1359,72663.1359,72663.1359,19692.6572,255139.1823,63776.4977,28998.7988,10132.3237,10334.9163,138628.0136,44144.6673,137432.1884,64751.9134,164542.2118,14857.3436,9951.9971,113458.434,11359.3182,55968.3923,58156.4756,51585.0326,141771.4046,150031.1218,18723.4814,6689.4005,56076.9836,114251.9319,,,
31298,,5000,World,6993,Fires in organic soils,723113,Emissions (CO2eq) (AR5),3050,FAO TIER 1,kilotonnes,,,,,,,,,,,,,,,,,,,,,,,,,,,,,,283488.0026,283488.0026,283488.0026,283488.0026,283488.0026,283488.0026,77276.0967,1001193.4882,250265.8112,113794.394,39760.3241,40241.8001,540038.7357,171934.8836,535306.5516,252345.1683,640757.4038,57854.0509,38752.5004,441814.9015,44258.3301,217935.5777,226451.6224,200889.3365,552426.7961,584475.5571,72953.6336,26063.3255,218396.7847,445018.2402,,,
31299,,5000,World,6994,On-farm energy use,7225,Emissions (CH4),3050,FAO TIER 1,kilotonnes,,,,,,,,,,,,,,,,,,,,,,,,,,,,,,702.6912,702.8184,503.7429,479.1218,494.641,511.4558,520.9639,495.9832,457.8768,416.9447,378.6363,338.1881,308.5052,332.2733,350.4583,371.0211,393.3364,414.3313,404.07,408.9343,402.8446,391.4135,387.5096,431.1816,415.8936,395.5714,389.1356,389.2762,352.5318,342.7848,,,
31300,,5000,World,6994,On-farm energy use,7230,Emissions (N2O),3050,FAO TIER 1,kilotonnes,,,,,,,,,,,,,,,,,,,,,,,,,,,,,,145.4288,145.7855,125.0165,120.9993,120.7924,124.6439,123.0779,125.5159,124.2062,125.241,128.4252,129.1848,119.4331,121.4747,129.3184,134.8205,134.6677,123.0551,127.8065,121.4606,125.8186,127.9743,125.5253,134.0891,134.5572,121.023,119.0244,120.5106,118.5836,116.9075,,,
31301,,5000,World,6994,On-farm energy use,7273,Emissions (CO2),3050,FAO TIER 1,kilotonnes,,,,,,,,,,,,,,,,,,,,,,,,,,,,,,736625.0241,724022.3498,564508.3174,545767.811,549620.8245,568461.0632,567136.2211,561999.0314,544856.4996,534386.0294,532210.4232,522919.7875,491922.3967,511114.3055,539572.8571,557331.642,564019.0409,536255.3807,541532.7399,521092.0533,528683.3926,531376.968,524010.897,559773.5132,549354.8972,507971.9168,503611.622,509155.8181,497596.7822,492145.224,,,
31302,,5000,World,6994,On-farm energy use,724413,Emissions (CO2eq) from CH4 (AR5),3050,FAO TIER 1,kilotonnes,,,,,,,,,,,,,,,,,,,,,,,,,,,,,,19675.3547,19678.9143,14104.8019,13415.4118,13849.9488,14320.7616,14586.9897,13887.5295,12820.5497,11674.4519,10601.8155,9469.2678,8638.1449,9303.6511,9812.8315,10388.5895,11013.4197,11601.2753,11313.9598,11450.1595,11279.65,10959.5791,10850.2686,12073.0847,11645.0204,11076.0005,10895.7957,10899.733,9870.8891,9597.9738,,,
31303,,5000,World,6994,On-farm energy use,724313,Emissions (CO2eq) from N2O (AR5),3050,FAO TIER 1,kilotonnes,,,,,,,,,,,,,,,,,,,,,,,,,,,,,,38538.6206,38633.1507,33129.3654,32064.8036,32009.9957,33030.6445,32615.6426,33261.7014,32914.648,33188.8576,34032.6866,34233.973,31649.7809,32190.8033,34269.3645,35727.4277,35686.9508,32609.602,33868.7129,32187.0694,33341.9328,33913.1971,33264.1958,35533.6084,35657.6707,32071.1018,31541.4626,31935.3056,31424.6445,30980.5002,,,
31304,,5000,World,6994,On-farm energy use,723113,Emissions (CO2eq) (AR5),3050,FAO TIER 1,kilotonnes,,,,,,,,,,,,,,,,,,,,,,,,,,,,,,794838.9995,782334.4148,611742.4848,591248.0264,595480.769,615812.4693,614338.8535,609148.2623,590591.6972,579249.3389,576844.9254,566623.0283,532210.3225,552608.7599,583655.0532,603447.6592,610719.4114,580466.2581,586715.4126,564729.2822,573304.9753,576249.7442,568125.3614,607380.2063,596657.5883,551119.019,546048.8803,551990.8566,538892.3157,532723.698,,,
31305,,5000,World,1711,IPCC Agriculture,7225,Emissions (CH4),3050,FAO TIER 1,kilotonnes,90641.0616,92394.7875,93178.9137,94836.9258,96161.0299,98003.3896,99807.245,101269.7889,101794.5473,102512.7813,104246.3932,105263.9169,107004.1172,109086.043,111000.7496,111613.6308,112222.1835,112554.774,112864.7866,114477.8421,115336.0696,115774.6896,116314.2002,117275.3632,117657.6811,118481.3563,118086.5594,119285.3017,121012.4348,126610.2868,126627.8562,126011.7129,125403.874,126361.8579,127026.4758,126720.0462,124923.8921,125797.0019,127046.48,127193.5283,127045.1081,127872.5916,127834.7427,129991.1794,131140.3322,132292.9206,133529.5515,134118.2397,133743.4579,134525.0821,136646.8669,137303.8185,135886.9623,136722.237,137410.2992,138405.9484,139910.8904,139973.487,139693.4062,,145346.3491,157838.2065
31306,,5000,World,1711,IPCC Agriculture,7225,Emissions (CH4),3051,UNFCCC,kilotonnes,,,,,,,,,,,,,,,,,,,,,,,,,,,,,,52166.3504,42762.8221,52771.5985,54995.1422,93885.6042,53742.6354,86571.2823,56069.8508,81134.8804,83930.5308,103717.0754,76582.609,85731.4432,86110.1332,93573.4673,97623.3272,52616.6017,51317.8538,51971.4896,50832.7451,76398.7849,50131.3248,56812.4912,55178.3571,47570.2776,65706.4293,51816.248,32261.0954,30386.0947,30196.6177,,,
31307,,5000,World,1711,IPCC Agriculture,7234,Direct emissions (N2O),3050,FAO TIER 1,kilotonnes,1841.0876,1896.966,1942.8741,2004.8762,2077.2466,2169.9208,2244.1666,2315.4871,2362.2394,2431.8537,2509.3822,2570.7062,2655.627,2687.2115,2810.9139,2864.5823,2937.1187,3040.2143,3098.3484,3188.0713,3221.6592,3269.4507,3345.056,3443.5388,3457.9501,3514.0562,3564.9795,3641.0252,3688.6009,3697.8119,3671.719,3664.9668,3628.4738,3680.2324,3779.2238,3885.6793,3854.1834,3880.0493,3935.0351,3892.404,3927.4332,3998.1757,4068.2245,4183.9721,4230.6632,4290.4569,4393.5892,4433.1929,4466.2523,4534.9236,4630.0488,4664.4719,4750.5159,4791.4723,4809.0695,4892.1391,4967.4029,4961.345,5000.1729,,5404.2355,6084.972
31308,,5000,World,1711,IPCC Agriculture,7236,Indirect emissions (N2O),3050,FAO TIER 1,kilotonnes,549.024,565.5917,579.4587,596.2615,618.5599,645.9652,668.3126,689.2166,703.4509,724.1093,746.9437,764.6304,787.5739,796.2354,834.3818,848.5119,871.2484,904.193,924.849,953.2045,962.0011,976.0557,1001.3284,1030.6938,1034.7994,1052.3922,1071.1712,1095.8306,1108.7339,1109.8308,1101.0723,1092.2516,1078.619,1092.7682,1123.4581,1154.5516,1141.7875,1150.1177,1167.1807,1152.8374,1161.3855,1182.3355,1202.4324,1235.497,1249.8239,1267.6477,1299.3762,1307.3643,1317.5069,1339.4086,1367.8436,1378.7736,1402.9963,1414.0583,1419.0367,1443.065,1464.8784,1461.7496,1472.1991,,1603.6675,1807.8912
31309,,5000,World,1711,IPCC Agriculture,7230,Emissions (N2O),3050,FAO TIER 1,kilotonnes,2730.309,2808.352,2875.2368,2957.5885,3061.9014,3191.4881,3298.6799,3394.9975,3455.6904,3547.6416,3660.1427,3749.2364,3864.8407,3913.1395,4078.6836,4144.9452,4240.5577,4379.594,4462.421,4585.739,4629.0787,4693.9408,4799.5837,4934.187,4956.4004,5036.3182,5108.3624,5206.6942,5272.008,6147.4789,6114.7751,6093.8358,6041.9416,6113.2303,6248.1768,6338.5315,6252.1762,6365.474,6450.2632,6421.6857,6470.4317,6600.3845,6584.7013,6783.487,6807.957,6905.3961,7077.3949,7059.0241,7063.853,7193.5945,7464.6823,7498.8483,7420.3971,7509.5312,7539.727,7612.1218,7779.1553,7730.4509,7725.7443,,7578.1481,8541.2751
31310,,5000,World,1711,IPCC Agriculture,7230,Emissions (N2O),3051,UNFCCC,kilotonnes,,,,,,,,,,,,,,,,,,,,,,,,,,,,,,3537.9354,2543.5821,3195.9278,3302.6212,5019.4818,3151.7208,3093.6278,3282.8586,3184.4498,3159.7286,11541.644,11790.2387,11989.2375,11936.2325,11742.334,11934.3309,12993.5391,11741.262,13682.5018,11753.0959,4311.0705,3218.6845,3724.9181,3644.7951,3364.8582,3927.6396,3252.554,2638.6463,2591.8978,2609.7065,,,
31311,,5000,World,1711,IPCC Agriculture,724413,Emissions (CO2eq) from CH4 (AR5),3050,FAO TIER 1,kilotonnes,2537949.7236,2587054.0504,2609009.5832,2655433.9224,2692508.8385,2744094.9094,2794602.86,2835554.0893,2850247.3248,2870357.8758,2918899.0095,2947389.6743,2996115.2812,3054409.2052,3108020.9887,3125181.6637,3142221.1387,3151533.6717,3160214.024,3205379.5798,3229409.95,3241691.31,3256797.6058,3283710.1697,3294415.072,3317477.9753,3306423.6623,3339988.447,3388348.1751,3545088.0301,3545579.974,3528327.9623,3511308.4709,3538132.0202,3556741.3229,3548161.294,3497868.9778,3522316.0527,3557301.4387,3561418.7918,3557263.0274,3580432.5653,3579372.7949,3639753.0233,3671929.3015,3704201.7774,3738827.442,3755310.7114,3744816.8215,3766702.2985,3826112.2742,3844506.9174,3804834.9439,3828222.6363,3847488.3774,3875366.5554,3917504.9314,3919257.6349,3911415.374,,4069697.774,4419469.7815
31312,,5000,World,1711,IPCC Agriculture,724413,Emissions (CO2eq) from CH4 (AR5),3051,UNFCCC,kilotonnes,,,,,,,,,,,,,,,,,,,,,,,,,,,,,,1460527.3856,1197334.9904,1477563.7991,1539821.586,2627570.9512,1492701.3155,2412002.1605,1557617.2638,2259569.4426,2337790.2958,2916022.1035,2131754.4599,2387599.838,2397455.7792,2606117.9228,2718528.1172,1457624.3078,1420676.0898,1438504.7265,1405955.5713,2093199.2198,1385497.1346,1567707.718,1521899.3171,1309374.8513,1817495.1003,1346130.3287,859025.312,850810.6499,840846.6525,,,
31313,,5000,World,1711,IPCC Agriculture,724313,Emissions (CO2eq) from N2O (AR5),3050,FAO TIER 1,kilotonnes,723531.887,744213.2801,761937.7473,783760.9579,811403.8732,845744.3461,874150.1705,899674.3473,915757.9659,940125.0158,969937.8023,993547.6519,1024182.7807,1036981.9675,1080851.1585,1098410.4894,1123747.7837,1160592.3976,1182541.5555,1215220.8362,1226705.8623,1243894.3117,1271889.6902,1307559.5655,1313446.0991,1334624.3262,1353716.0244,1379773.9695,1397082.1114,1629081.9199,1620415.3999,1614866.4861,1601114.5342,1620006.0358,1655766.8649,1679710.855,1656826.7021,1686850.6113,1709319.7611,1701746.7051,1714664.3935,1749101.8921,1744945.8353,1797624.0573,1804108.5994,1829929.9704,1875509.6467,1870641.3825,1871921.037,1906302.5429,1978140.8188,1987194.8027,1966405.2416,1990025.7693,1998027.6677,2017212.2803,2061476.1512,2048569.4763,2047322.2377,,2008209.2426,2263437.9028
31314,,5000,World,1711,IPCC Agriculture,724313,Emissions (CO2eq) from N2O (AR5),3051,UNFCCC,kilotonnes,,,,,,,,,,,,,,,,,,,,,,,,,,,,,,939713.135,676319.9867,849742.8898,878336.4804,1334153.6151,836104.8539,820784.2099,871418.5537,845551.6255,838877.2986,1419096.7442,853613.5001,850956.2857,846635.599,861209.5239,924328.9104,870658.2143,863094.7033,878966.7183,871704.8059,1140049.7885,856777.7096,979468.669,958485.0936,884190.5733,1033470.7458,810072.5044,678664.0483,686852.8942,685946.255,,,
31315,,5000,World,1711,IPCC Agriculture,723113,Emissions (CO2eq) (AR5),3050,FAO TIER 1,kilotonnes,3261481.6105,3331267.3306,3370947.3305,3439194.8803,3503912.7117,3589839.2555,3668753.0306,3735228.4366,3766005.2907,3810482.8916,3888836.8117,3940937.3262,4020298.0619,4091391.1727,4188872.1472,4223592.1531,4265968.9224,4312126.0693,4342755.5794,4420600.416,4456115.8124,4485585.6216,4528687.2959,4591269.7352,4607861.1711,4652102.3014,4660139.6867,4719762.4164,4785430.2866,5174169.95,5165995.3738,5143194.4485,5112423.005,5158138.056,5212508.1878,5227872.1489,5154695.6799,5209166.664,5266621.1998,5263165.4968,5271927.4209,5329534.4574,5324318.6302,5437377.0806,5476037.9008,5534131.7478,5614337.0887,5625952.0939,5616737.8585,5673004.8415,5804253.093,5831701.7201,5771240.1855,5818248.4055,5845516.0451,5892578.8357,5978981.0826,5967827.1111,5958737.6117,,6077907.0165,6682907.6843
31316,,5000,World,1711,IPCC Agriculture,723113,Emissions (CO2eq) (AR5),3051,UNFCCC,kilotonnes,,,,,,,,,,,,,,,,,,,,,,,,,,,,,,2400240.5206,1873654.9771,2327306.6889,2418158.0664,3961724.5663,2328806.1694,3232786.3704,2429035.8175,3105121.0681,3176667.5944,4335118.8477,2985367.96,3238556.1237,3244091.3782,3467327.4467,3642857.0276,2328282.5221,2283770.7931,2317471.4448,2277660.3772,3233249.0083,2242274.8442,2547176.387,2480384.4107,2193565.4246,2850965.8461,2156202.8331,1537689.3603,1537663.5441,1526792.9075,,,
31317,,5000,World,1709,Agricultural Soils,7225,Emissions (CH4),3051,UNFCCC,kilotonnes,,,,,,,,,,,,,,,,,,,,,,,,,,,,,,,,,,,1.0,,,,,0.0,,,,,,0.0,,,,,,,,,,,,,,,,
31318,,5000,World,1709,Agricultural Soils,7234,Direct emissions (N2O),3050,FAO TIER 1,kilotonnes,1841.0876,1896.966,1942.8741,2004.8762,2077.2466,2169.9208,2244.1666,2315.4871,2362.2394,2431.8537,2509.3822,2570.7062,2655.627,2687.2115,2810.9139,2864.5823,2937.1187,3040.2143,3098.3484,3188.0713,3221.6592,3269.4507,3345.056,3443.5388,3457.9501,3514.0562,3564.9795,3641.0252,3688.6009,3697.8119,3671.719,3664.9668,3628.4738,3680.2324,3779.2238,3885.6793,3854.1834,3880.0493,3935.0351,3892.404,3927.4332,3998.1757,4068.2245,4183.9721,4230.6632,4290.4569,4393.5892,4433.1929,4466.2523,4534.9236,4630.0488,4664.4719,4750.5159,4791.4723,4809.0695,4892.1391,4967.4029,4961.345,5000.1729,,5404.2355,6084.972
31319,,5000,World,1709,Agricultural Soils,7234,Direct emissions (N2O),3051,UNFCCC,kilotonnes,,,,,,,,,,,,,,,,,,,,,,,,,,,,,,1610.7781,1557.081,1946.0157,1992.1338,1900.8908,1877.4391,1914.1477,1896.0329,1885.1051,1864.1088,1841.9364,1878.6354,1869.9534,1858.0421,1909.428,1879.2052,1854.0606,1879.7179,1882.1785,1882.4977,1886.8807,1877.1846,1843.1216,1994.1048,2049.9874,1996.6087,2120.1485,1997.1811,1957.3126,1973.3205,,,
31320,,5000,World,1709,Agricultural Soils,7236,Indirect emissions (N2O),3050,FAO TIER 1,kilotonnes,549.024,565.5917,579.4587,596.2615,618.5599,645.9652,668.3126,689.2166,703.4509,724.1093,746.9437,764.6304,787.5739,796.2354,834.3818,848.5119,871.2484,904.193,924.849,953.2045,962.0011,976.0557,1001.3284,1030.6938,1034.7994,1052.3922,1071.1712,1095.8306,1108.7339,1109.8308,1101.0723,1092.2516,1078.619,1092.7682,1123.4581,1154.5516,1141.7875,1150.1177,1167.1807,1152.8374,1161.3855,1182.3355,1202.4324,1235.497,1249.8239,1267.6477,1299.3762,1307.3643,1317.5069,1339.4086,1367.8436,1378.7736,1402.9963,1414.0583,1419.0367,1443.065,1464.8784,1461.7496,1472.1991,,1603.6675,1807.8912
31321,,5000,World,1709,Agricultural Soils,7236,Indirect emissions (N2O),3051,UNFCCC,kilotonnes,,,,,,,,,,,,,,,,,,,,,,,,,,,,,,303.8586,284.8308,373.6159,382.7445,337.2399,345.139,338.8617,336.6308,348.2073,330.364,321.1752,341.4145,328.4268,326.976,348.6461,326.1604,329.9179,341.974,351.1735,344.8687,343.1962,347.5831,325.5758,366.4333,366.5456,387.0908,418.8748,372.8583,383.045,387.8386,,,
31322,,5000,World,1709,Agricultural Soils,7230,Emissions (N2O),3050,FAO TIER 1,kilotonnes,2390.1116,2462.5577,2522.3328,2601.1377,2695.8065,2815.886,2912.4792,3004.7037,3065.6902,3155.9631,3256.326,3335.3367,3443.2009,3483.4469,3645.2957,3713.0942,3808.3671,3944.4073,4023.1974,4141.2758,4183.6603,4245.5064,4346.3844,4474.2326,4492.7495,4566.4483,4636.1507,4736.8559,4797.3348,5189.6777,5154.8264,5139.2534,5089.1278,5156.0785,5288.0966,5425.0937,5381.2761,5415.9932,5491.4755,5435.744,5479.3185,5571.8239,5662.8016,5812.7743,5875.7815,5955.8293,6093.6032,6143.2092,6187.6656,6280.8713,6406.7144,6453.7941,6564.7054,6618.1436,6640.6536,6749.1973,6846.9708,6839.8967,6889.1742,,7007.903,7892.8632
31323,,5000,World,1709,Agricultural Soils,7230,Emissions (N2O),3051,UNFCCC,kilotonnes,,,,,,,,,,,,,,,,,,,,,,,,,,,,,,3273.6453,2212.9612,2761.5413,2852.84,4145.26,2764.5075,2700.0461,2898.3304,2712.0309,2717.7192,4839.9297,2743.3005,2733.662,2740.68,2947.8827,3026.943,2795.846,2770.9505,2814.9049,2823.2055,3733.1884,2889.3552,3218.8134,3141.6566,2931.082,3152.6231,2358.7795,2357.5592,2356.1574,2361.1593,,,
31324,,5000,World,1709,Agricultural Soils,724413,Emissions (CO2eq) from CH4 (AR5),3051,UNFCCC,kilotonnes,,,,,,,,,,,,,,,,,,,,,,,,,,,,,,,,,,,19.0,,,,,4.0,,,,,,14.0,,,,,,,,,,,,,,,,
31325,,5000,World,1709,Agricultural Soils,724313,Emissions (CO2eq) from N2O (AR5),3050,FAO TIER 1,kilotonnes,633379.5835,652577.7939,668418.1834,689301.4789,714388.7156,746209.79,771806.9906,796246.4885,812407.9086,836330.2136,862926.387,883864.2167,912448.2318,923113.431,966003.3675,983969.9674,1009217.2872,1045267.9418,1066147.3124,1097438.0796,1108669.977,1125059.1931,1151791.866,1185671.6352,1190578.6278,1210108.8121,1228579.9315,1255266.8073,1271293.7267,1375264.5962,1366028.9907,1361902.1519,1348618.8672,1366360.7933,1401345.5918,1437649.8418,1426038.173,1435238.2094,1455240.9989,1440472.1721,1452019.3897,1476533.3307,1500642.4281,1540385.1939,1557082.0942,1578294.7598,1614804.8485,1627950.4294,1639731.3745,1664430.891,1697779.3252,1710255.4303,1739646.9322,1753808.0567,1759773.1967,1788537.2973,1814447.2752,1812572.6226,1825631.1543,,1857094.3025,2091608.7405
31326,,5000,World,1709,Agricultural Soils,724313,Emissions (CO2eq) from N2O (AR5),3051,UNFCCC,kilotonnes,,,,,,,,,,,,,,,,,,,,,,,,,,,,,,867516.0184,586434.7496,731808.437,756002.6151,1098493.9504,732594.5369,715512.251,768057.5896,718688.2353,720195.5057,1282581.367,726974.6287,724420.3722,726280.1815,781188.8235,802139.8868,740899.0893,734301.8743,745949.8993,748149.4695,989294.8499,765679.1222,852985.5374,832539.0829,776736.7393,835445.1346,625076.5387,624753.226,624381.6966,625707.1665,,,
31327,,5000,World,1709,Agricultural Soils,723113,Emissions (CO2eq) (AR5),3050,FAO TIER 1,kilotonnes,633379.5835,652577.7939,668418.1834,689301.4789,714388.7156,746209.79,771806.9906,796246.4885,812407.9086,836330.2136,862926.387,883864.2167,912448.2318,923113.431,966003.3675,983969.9674,1009217.2872,1045267.9418,1066147.3124,1097438.0796,1108669.977,1125059.1931,1151791.866,1185671.6352,1190578.6278,1210108.8121,1228579.9315,1255266.8073,1271293.7267,1375264.5962,1366028.9907,1361902.1519,1348618.8672,1366360.7933,1401345.5918,1437649.8418,1426038.173,1435238.2094,1455240.9989,1440472.1721,1452019.3897,1476533.3307,1500642.4281,1540385.1939,1557082.0942,1578294.7598,1614804.8485,1627950.4294,1639731.3745,1664430.891,1697779.3252,1710255.4303,1739646.9322,1753808.0567,1759773.1967,1788537.2973,1814447.2752,1812572.6226,1825631.1543,,1857094.3025,2091608.7405
31328,,5000,World,1709,Agricultural Soils,723113,Emissions (CO2eq) (AR5),3051,UNFCCC,kilotonnes,,,,,,,,,,,,,,,,,,,,,,,,,,,,,,867516.0184,586434.7496,731808.437,756002.6151,1098493.9504,732594.5369,715512.251,768057.5896,718688.2353,720195.5057,1282581.367,726974.6287,724420.3722,726280.1815,781188.8235,802139.8868,740899.0893,734301.8743,745949.8993,748149.4695,989294.8499,765679.1222,852985.5374,832539.0829,776736.7393,835445.1346,625076.5387,624753.226,624381.6966,625707.1665,,,
31329,,5000,World,1707,LULUCF,7225,Emissions (CH4),3050,FAO TIER 1,kilotonnes,,,,,,,,,,,,,,,,,,,,,,,,,,,,,,6420.988,6420.988,6420.988,6420.988,6420.988,6420.988,5638.4958,16181.6044,10931.136,7869.2964,4841.8956,2294.9784,7384.2611,4925.3899,8396.1948,5640.4216,8998.6443,4138.9165,3468.7158,7101.2519,4317.9316,4949.3554,5320.1297,4678.2047,7965.5239,8596.8531,3949.6591,3453.3971,4774.0441,7497.5353,,,
31330,,5000,World,1707,LULUCF,7230,Emissions (N2O),3050,FAO TIER 1,kilotonnes,,,,,,,,,,,,,,,,,,,,,,,,,,,,,,269.5289,269.5289,269.5289,269.5289,269.5289,269.5289,167.4688,221.4541,278.605,217.4651,147.6796,175.8407,222.1673,305.7595,318.4607,303.8475,285.0647,329.4532,284.2567,278.402,357.2047,269.392,296.1103,258.9284,264.9889,295.6981,299.5662,293.4969,253.0313,311.9969,,,
31331,,5000,World,1707,LULUCF,7273,Emissions (CO2),3050,FAO TIER 1,kilotonnes,,,,,,,,,,,,,,,,,,,,,,,,,,,,,,1668481.5381,1668481.5381,1668481.5381,1668481.5381,1668509.7102,1674343.7547,1520501.109,2210797.3563,1654844.6262,1558313.7139,1505900.2848,1228442.6665,1602301.7047,1331298.3455,1604509.5171,1399783.6354,1695214.9074,1270001.583,1261503.793,1564630.7447,1275811.026,200666.327,211394.4992,194146.1936,459838.5953,483420.4828,1079594.4787,1046257.4444,1192809.9925,1361256.4998,,,
31332,,5000,World,1707,LULUCF,724413,Emissions (CO2eq) from CH4 (AR5),3050,FAO TIER 1,kilotonnes,,,,,,,,,,,,,,,,,,,,,,,,,,,,,,179787.6636,179787.6636,179787.6636,179787.6636,179787.6636,179787.6636,157877.8818,453084.9235,306071.8078,220340.3,135573.0766,64259.3955,206759.3108,137910.918,235093.455,157931.8059,251962.0412,115889.6606,97124.0412,198835.054,120902.0847,138581.9509,148963.6324,130989.7306,223034.67,240711.8874,110590.4556,96695.1174,133673.2361,209930.9884,,,
31333,,5000,World,1707,LULUCF,724313,Emissions (CO2eq) from N2O (AR5),3050,FAO TIER 1,kilotonnes,,,,,,,,,,,,,,,,,,,,,,,,,,,,,,71425.1569,71425.1569,71425.1569,71425.1569,71425.1569,71425.1569,44379.2301,58685.324,73830.3178,57628.2613,39135.0853,46597.7836,58874.3274,81026.271,84392.0728,80519.581,75542.1352,87305.1001,75328.0164,73776.5358,94659.2384,71388.8904,78469.2279,68616.0162,70222.0609,78360.0094,79385.0484,77776.6793,67053.2834,82679.1847,,,
31334,,5000,World,1707,LULUCF,723113,Emissions (CO2eq) (AR5),3050,FAO TIER 1,kilotonnes,,,,,,,,,,,,,,,,,,,,,,,,,,,,,,1919694.3586,1919694.3586,1919694.3586,1919694.3586,1919722.5307,1925556.5752,1722758.221,2722567.6039,2034746.7519,1836282.2752,1680608.4466,1339299.8455,1867935.3429,1550235.5345,1923995.0449,1638235.0223,2022719.0838,1473196.3437,1433955.8507,1837242.3345,1491372.3491,410637.1683,438827.3594,393751.9405,753095.3262,802492.3796,1269569.9828,1220729.2411,1393536.5121,1653866.6728,,,
31335,,5000,World,6824,AFOLU,7225,Emissions (CH4),3050,FAO TIER 1,kilotonnes,,,,,,,,,,,,,,,,,,,,,,,,,,,,,,133031.2748,133048.8442,132432.7009,131824.8619,132782.8458,133447.4638,132358.542,141105.4965,136728.1379,134915.7764,132035.4239,129340.0865,135256.8527,132760.1326,138387.3742,136780.7538,141291.565,137668.468,137586.9555,140844.7098,138843.0137,141596.2223,142623.9482,140565.1669,144687.7609,146007.1523,142355.6075,143364.2875,144747.5311,147190.9415,,145346.3491,157838.2065
31336,,5000,World,6824,AFOLU,7234,Direct emissions (N2O),3050,FAO TIER 1,kilotonnes,,,,,,,,,,,,,,,,,,,,,,,,,,,,,,3697.8119,3671.719,3664.9668,3628.4738,3680.2324,3779.2238,3885.6793,3854.1834,3880.0493,3935.0351,3892.404,3927.4332,3998.1757,4068.2245,4183.9721,4230.6632,4290.4569,4393.5892,4433.1929,4466.2523,4534.9236,4630.0488,4664.4719,4750.5159,4791.4723,4809.0695,4892.1391,4967.4029,4961.345,5000.1729,,5404.2355,6084.972
31337,,5000,World,6824,AFOLU,7236,Indirect emissions (N2O),3050,FAO TIER 1,kilotonnes,,,,,,,,,,,,,,,,,,,,,,,,,,,,,,1109.8308,1101.0723,1092.2516,1078.619,1092.7682,1123.4581,1154.5516,1141.7875,1150.1177,1167.1807,1152.8374,1161.3855,1182.3355,1202.4324,1235.497,1249.8239,1267.6477,1299.3762,1307.3643,1317.5069,1339.4086,1367.8436,1378.7736,1402.9963,1414.0583,1419.0367,1443.065,1464.8784,1461.7496,1472.1991,,1603.6675,1807.8912
31338,,5000,World,6824,AFOLU,7230,Emissions (N2O),3050,FAO TIER 1,kilotonnes,,,,,,,,,,,,,,,,,,,,,,,,,,,,,,6417.0078,6384.304,6363.3647,6311.4705,6382.7592,6517.7057,6506.0003,6473.6303,6644.079,6667.7284,6569.3652,6646.2724,6822.5518,6890.4608,7101.9477,7111.8045,7190.4608,7406.8481,7343.2808,7342.255,7550.7992,7734.0744,7794.9586,7679.3255,7774.5201,7835.4252,7911.688,8072.6522,7983.4821,8037.7412,,7578.1481,8541.2751
31339,,5000,World,6824,AFOLU,7273,Emissions (CO2),3050,FAO TIER 1,kilotonnes,,,,,,,,,,,,,,,,,,,,,,,,,,,,,,1668481.5381,1668481.5381,1668481.5381,1668481.5381,1668509.7102,1674343.7547,1520501.109,2210797.3563,1654844.6262,1558313.7139,1505900.2848,1228442.6665,1602301.7047,1331298.3455,1604509.5171,1399783.6354,1695214.9074,1270001.583,1261503.793,1564630.7447,1275811.026,200666.327,211394.4992,194146.1936,459838.5953,483420.4828,1079594.4787,1046257.4444,1192809.9925,1361256.4998,,,
31340,,5000,World,6824,AFOLU,724413,Emissions (CO2eq) from CH4 (AR5),3050,FAO TIER 1,kilotonnes,,,,,,,,,,,,,,,,,,,,,,,,,,,,,,3724875.6936,3725367.6375,3708115.6259,3691096.1344,3717919.6837,3736528.9865,3706039.1758,3950953.9013,3828387.8606,3777641.7387,3696991.8684,3621522.4228,3787191.8761,3717283.7129,3874846.4783,3829861.1073,3956163.8186,3854717.1026,3852434.7527,3943651.8755,3887604.3832,3964694.2251,3993470.5497,3935824.6746,4051257.3063,4088200.2648,3985957.011,4014200.0488,4052930.871,4121346.3624,,4069697.774,4419469.7815
31341,,5000,World,6824,AFOLU,724313,Emissions (CO2eq) from N2O (AR5),3050,FAO TIER 1,kilotonnes,,,,,,,,,,,,,,,,,,,,,,,,,,,,,,1700507.0768,1691840.5568,1686291.643,1672539.6911,1691431.1927,1727192.0219,1724090.0851,1715512.0262,1760680.9291,1766948.0224,1740881.7903,1761262.1771,1807976.2195,1825972.1063,1882016.1301,1884628.1804,1905472.1056,1962814.7468,1945969.3989,1945697.5728,2000961.7814,2049529.7092,2065664.0306,2035021.2579,2060247.8301,2076387.6771,2096597.3287,2139252.8305,2115622.7597,2130001.4223,,2008209.2426,2263437.9028
31342,,5000,World,6824,AFOLU,723113,Emissions (CO2eq) (AR5),3050,FAO TIER 1,kilotonnes,,,,,,,,,,,,,,,,,,,,,,,,,,,,,,7093864.3086,7085689.7325,7062888.8071,7032117.3637,7077860.5867,7138064.763,6950630.3699,7877263.2839,7243913.4159,7102903.475,6943773.9434,6611227.2664,7197469.8003,6874554.1647,7361372.1255,7114272.9231,7556850.8316,7087533.4324,7059907.9446,7453980.193,7164377.1906,6214890.2613,6270529.0795,6164992.126,6571343.7317,6648008.4247,7162148.8185,7199710.3238,7361363.6232,7612604.2845,,6077907.0165,6682907.6843
31343,,5000,World,6995,Emissions on agricultural land,7225,Emissions (CH4),3050,FAO TIER 1,kilotonnes,,,,,,,,,,,,,,,,,,,,,,,,,,,,,,132499.5046,132517.2012,131701.9825,131069.5224,132043.0255,132724.4582,131101.6351,139805.6338,134403.2314,132814.7113,130605.2484,129072.2281,134879.822,132043.0853,137746.4247,136297.5403,140782.097,137061.3621,136978.6006,140214.3803,138127.6885,141148.8426,141940.4971,140093.7481,144187.943,145511.4236,141765.728,142826.6989,144123.9613,146275.2777,,145346.3491,157838.2065
31344,,5000,World,6995,Emissions on agricultural land,7234,Direct emissions (N2O),3050,FAO TIER 1,kilotonnes,,,,,,,,,,,,,,,,,,,,,,,,,,,,,,3697.8119,3671.719,3664.9668,3628.4738,3680.2324,3779.2238,3885.6793,3854.1834,3880.0493,3935.0351,3892.404,3927.4332,3998.1757,4068.2245,4183.9721,4230.6632,4290.4569,4393.5892,4433.1929,4466.2523,4534.9236,4630.0488,4664.4719,4750.5159,4791.4723,4809.0695,4892.1391,4967.4029,4961.345,5000.1729,,5404.2355,6084.972
31345,,5000,World,6995,Emissions on agricultural land,7236,Indirect emissions (N2O),3050,FAO TIER 1,kilotonnes,,,,,,,,,,,,,,,,,,,,,,,,,,,,,,1109.8308,1101.0723,1092.2516,1078.619,1092.7682,1123.4581,1154.5516,1141.7875,1150.1177,1167.1807,1152.8374,1161.3855,1182.3355,1202.4324,1235.497,1249.8239,1267.6477,1299.3762,1307.3643,1317.5069,1339.4086,1367.8436,1378.7736,1402.9963,1414.0583,1419.0367,1443.065,1464.8784,1461.7496,1472.1991,,1603.6675,1807.8912
31346,,5000,World,6995,Emissions on agricultural land,7230,Emissions (N2O),3050,FAO TIER 1,kilotonnes,,,,,,,,,,,,,,,,,,,,,,,,,,,,,,6475.6719,6443.3248,6401.6165,6345.7051,6416.787,6555.585,6554.4717,6532.7993,6662.3455,6702.4341,6628.6761,6720.1225,6879.3925,6916.128,7140.7462,7168.6296,7242.6985,7436.6416,7378.6484,7368.8263,7574.524,7785.4632,7822.7005,7731.0032,7825.4689,7875.0686,7941.3241,8108.536,8012.9434,8039.7469,,7578.1481,8541.2751
31347,,5000,World,6995,Emissions on agricultural land,7273,Emissions (CO2),3050,FAO TIER 1,kilotonnes,,,,,,,,,,,,,,,,,,,,,,,,,,,,,,5853273.7749,5840671.1006,5681157.0682,5662416.5618,5666297.7474,5690972.0306,5535804.5428,6220963.6004,5647868.3385,5540866.956,5486277.9207,4899537.1126,5242398.7601,4990587.3096,5292257.0329,5105289.9361,5407408.6069,4954431.6224,4951211.1915,5233897.4567,4952669.0772,4698595.8532,4701957.9542,4720472.2649,4975746.0506,4957944.9577,4220191.3228,4192398.4846,4327391.9968,4490386.9458,,,
31348,,5000,World,6995,Emissions on agricultural land,724413,Emissions (CO2eq) from CH4 (AR5),3050,FAO TIER 1,kilotonnes,,,,,,,,,,,,,,,,,,,,,,,,,,,,,,3709986.1292,3710481.6327,3687655.5087,3669946.6271,3697204.7134,3716284.8289,3670845.7837,3914557.7475,3763290.4786,3718811.9166,3656946.9558,3614022.3867,3776635.0158,3697206.3873,3856899.8913,3816331.1279,3941898.7151,3837718.1386,3835400.8166,3926002.6487,3867575.2775,3952167.5941,3974333.9179,3922624.947,4037262.4037,4074319.8616,3969440.3828,3999147.5696,4035470.9178,4095707.7764,,4069697.774,4419469.7815
31349,,5000,World,6995,Emissions on agricultural land,724313,Emissions (CO2eq) from N2O (AR5),3050,FAO TIER 1,kilotonnes,,,,,,,,,,,,,,,,,,,,,,,,,,,,,,1716053.0515,1707481.0615,1696428.3625,1681611.8488,1700448.5425,1737230.0204,1736934.9891,1731191.8118,1765521.567,1776145.0319,1756599.1575,1780832.4582,1823039.0122,1832773.9135,1892297.7362,1899686.8447,1919315.1152,1970710.0115,1955341.8323,1952738.9769,2007248.8655,2063147.7574,2073015.6331,2048715.8601,2073749.2631,2086893.191,2104450.8816,2148762.0397,2123429.9915,2130532.9388,,2008209.2426,2263437.9028
31350,,5000,World,6995,Emissions on agricultural land,723113,Emissions (CO2eq) (AR5),3050,FAO TIER 1,kilotonnes,,,,,,,,,,,,,,,,,,,,,,,,,,,,,,11279312.9557,11258633.7948,11065240.9394,11013975.0377,11063951.0032,11144486.8799,10943585.3156,11866713.1596,11176680.384,11035823.9045,10899824.0339,10294391.9575,10842072.7881,10520567.6104,11041454.6604,10821307.9086,11268622.4373,10762859.7725,10741953.8405,11112639.0822,10827493.2202,10713911.2047,10749307.5052,10691813.072,11086757.7174,11119158.0103,10294082.5872,10340308.0938,10486292.906,10716627.661,,6077907.0165,6682907.6843
31351,,5000,World,6996,Farm-gate emissions,7225,Emissions (CH4),3050,FAO TIER 1,kilotonnes,,,,,,,,,,,,,,,,,,,,,,,,,,,,,,127312.978,127330.6746,126515.4559,125882.9958,126856.4989,127537.9316,127241.0101,125419.8753,126254.8787,127463.4247,127572.1645,127383.2963,128181.0968,128167.0159,130341.6377,131511.3532,132686.257,133943.8828,134522.3097,134152.3922,134927.9267,137038.2805,137691.3281,136318.1439,137138.1306,137805.8706,138795.084,140300.1666,140326.0187,140036.191,,145346.3491,157838.2065
31352,,5000,World,6996,Farm-gate emissions,7234,Direct emissions (N2O),3050,FAO TIER 1,kilotonnes,,,,,,,,,,,,,,,,,,,,,,,,,,,,,,3697.8119,3671.719,3664.9668,3628.4738,3680.2324,3779.2238,3885.6793,3854.1834,3880.0493,3935.0351,3892.404,3927.4332,3998.1757,4068.2245,4183.9721,4230.6632,4290.4569,4393.5892,4433.1929,4466.2523,4534.9236,4630.0488,4664.4719,4750.5159,4791.4723,4809.0695,4892.1391,4967.4029,4961.345,5000.1729,,5404.2355,6084.972
31353,,5000,World,6996,Farm-gate emissions,7236,Indirect emissions (N2O),3050,FAO TIER 1,kilotonnes,,,,,,,,,,,,,,,,,,,,,,,,,,,,,,1109.8308,1101.0723,1092.2516,1078.619,1092.7682,1123.4581,1154.5516,1141.7875,1150.1177,1167.1807,1152.8374,1161.3855,1182.3355,1202.4324,1235.497,1249.8239,1267.6477,1299.3762,1307.3643,1317.5069,1339.4086,1367.8436,1378.7736,1402.9963,1414.0583,1419.0367,1443.065,1464.8784,1461.7496,1472.1991,,1603.6675,1807.8912
31354,,5000,World,6996,Farm-gate emissions,7230,Emissions (N2O),3050,FAO TIER 1,kilotonnes,,,,,,,,,,,,,,,,,,,,,,,,,,,,,,6292.9077,6260.5606,6218.8523,6162.9409,6234.0228,6372.8208,6461.6094,6377.6921,6489.6802,6575.5042,6550.1109,6599.6165,6719.8176,6706.176,6912.8054,6942.7775,7040.0639,7200.45,7186.8305,7185.3136,7319.4131,7592.6567,7624.3736,7554.4862,7644.0885,7660.7501,7731.1462,7899.6659,7849.0344,7842.6518,,7578.1481,8541.2751
31355,,5000,World,6996,Farm-gate emissions,7273,Emissions (CO2),3050,FAO TIER 1,kilotonnes,,,,,,,,,,,,,,,,,,,,,,,,,,,,,,1371281.7605,1358679.0861,1199165.0537,1180424.5474,1184305.7329,1208980.0161,1207053.9555,1203742.1468,1190211.8772,1184904.213,1185482.7726,1176248.4767,1147606.2859,1169415.3412,1201000.9175,1224314.9289,1237811.6628,1218053.1629,1229028.9361,1212159.237,1226388.3131,1234456.3808,1231490.5204,1268995.674,1262918.3722,1221328.2354,1220908.6037,1227971.9926,1220019.6289,1214568.0706,,,
31356,,5000,World,6996,Farm-gate emissions,724413,Emissions (CO2eq) from CH4 (AR5),3050,FAO TIER 1,kilotonnes,,,,,,,,,,,,,,,,,,,,,,,,,,,,,,3564763.3848,3565258.8883,3542432.7643,3524723.8826,3551981.9689,3571062.0844,3562748.2837,3511756.5073,3535136.6024,3568975.8906,3572020.6073,3566732.2952,3589070.7102,3588676.446,3649565.8548,3682317.891,3715215.1971,3750428.7173,3766624.6712,3756266.981,3777981.9485,3837071.8532,3855357.186,3816908.0286,3839867.6567,3858564.3778,3886262.351,3928404.6644,3929128.5239,3921013.3478,,4069697.774,4419469.7815
31357,,5000,World,6996,Farm-gate emissions,724313,Emissions (CO2eq) from N2O (AR5),3050,FAO TIER 1,kilotonnes,,,,,,,,,,,,,,,,,,,,,,,,,,,,,,1667620.5405,1659048.5506,1647995.8515,1633179.3378,1652016.0315,1688797.5095,1712326.4976,1690088.4035,1719765.2593,1742508.6187,1735779.3917,1748898.3665,1780751.673,1777136.6386,1831893.4218,1839836.027,1865616.9212,1908119.2487,1904510.0955,1904108.1064,1939644.4757,2012054.0159,2020458.9985,2001938.85,2025683.44,2030098.7695,2048753.7429,2093411.4568,2079994.1207,2078302.7379,,2008209.2426,2263437.9028
31358,,5000,World,6996,Farm-gate emissions,723113,Emissions (CO2eq) (AR5),3050,FAO TIER 1,kilotonnes,,,,,,,,,,,,,,,,,,,,,,,,,,,,,,6603665.6858,6582986.525,6389593.6696,6338327.7678,6388303.7334,6468839.61,6482128.7368,6405587.0576,6445113.7389,6496388.7223,6493282.7716,6491879.1384,6517428.6691,6535228.4258,6682460.1942,6746468.847,6818643.7811,6876601.1289,6900163.7028,6872534.3244,6944014.7374,7083582.25,7107306.705,7087842.5526,7128469.4688,7109991.3828,7155924.6976,7249788.1138,7229142.2735,7213884.1563,,6077907.0165,6682907.6843
31359,,5000,World,6516,Land Use change,7225,Emissions (CH4),3050,FAO TIER 1,kilotonnes,,,,,,,,,,,,,,,,,,,,,,,,,,,,,,5186.5266,5186.5266,5186.5266,5186.5266,5186.5266,5186.5266,3860.625,14385.7586,8148.3527,5351.2866,3033.0839,1688.9318,6698.7252,3876.0693,7404.787,4786.187,8095.8399,3117.4793,2456.2909,6061.9881,3199.7618,4110.5622,4249.169,3775.6042,7049.8124,7705.553,2970.644,2526.5323,3797.9426,6239.0867,,,
31360,,5000,World,6516,Land Use change,7230,Emissions (N2O),3050,FAO TIER 1,kilotonnes,,,,,,,,,,,,,,,,,,,,,,,,,,,,,,182.7642,182.7642,182.7642,182.7642,182.7642,182.7642,92.8622,155.1072,172.6653,126.9299,78.5652,120.506,159.5749,209.952,227.9408,225.8521,202.6347,236.1916,191.8179,183.5127,255.1109,192.8066,198.3269,176.517,181.3805,214.3186,210.1779,208.8701,163.9089,197.0951,,,
31361,,5000,World,6516,Land Use change,7273,Emissions (CO2),3050,FAO TIER 1,kilotonnes,,,,,,,,,,,,,,,,,,,,,,,,,,,,,,4481992.0145,4481992.0145,4481992.0145,4481992.0145,4481992.0145,4481992.0145,4328750.5873,5017221.4536,4457656.4613,4355962.743,4300795.1481,3723288.6359,4094792.4742,3821171.9684,4091256.1154,3880975.0071,4169596.9441,3736378.4595,3722182.2554,4021738.2197,3726280.7641,3464139.4724,3470467.4338,3451476.5908,3712827.6784,3736616.7223,2999282.7191,2964426.4919,3107372.3679,3275818.8751,,,
31362,,5000,World,6516,Land Use change,724413,Emissions (CO2eq) from CH4 (AR5),3050,FAO TIER 1,kilotonnes,,,,,,,,,,,,,,,,,,,,,,,,,,,,,,145222.7444,145222.7444,145222.7444,145222.7444,145222.7444,145222.7444,108097.5,402801.2401,228153.8761,149836.026,84926.3485,47290.0916,187564.3056,108529.9414,207334.0365,134013.2369,226683.518,87289.4213,68776.1454,169735.6677,89593.329,115095.7409,118976.7319,105716.9184,197394.7471,215755.4838,83178.0318,70742.9052,106342.3938,174694.4286,,,
31363,,5000,World,6516,Land Use change,724313,Emissions (CO2eq) from N2O (AR5),3050,FAO TIER 1,kilotonnes,,,,,,,,,,,,,,,,,,,,,,,,,,,,,,48432.511,48432.511,48432.511,48432.511,48432.511,48432.511,24608.4915,41103.4083,45756.3077,33636.4132,20819.7658,31934.0916,42287.3392,55637.2749,60404.3144,59850.8176,53698.194,62590.7628,50831.7369,48630.8705,67604.3898,51093.7415,52556.6345,46777.01,48065.8231,56794.4215,55697.1387,55350.5829,43435.8708,52230.2009,,,
31364,,5000,World,6516,Land Use change,723113,Emissions (CO2eq) (AR5),3050,FAO TIER 1,kilotonnes,,,,,,,,,,,,,,,,,,,,,,,,,,,,,,4675647.2699,4675647.2699,4675647.2699,4675647.2699,4675647.2699,4675647.2699,4461456.5788,5461126.102,4731566.6451,4539435.1822,4406541.2624,3802512.8191,4324644.119,3985339.1847,4358994.4662,4074839.0617,4449978.6562,3886258.6436,3841790.1377,4240104.7579,3883478.4828,3630328.9547,3642000.8003,3603970.5193,3958288.2486,4009166.6276,3138157.8896,3090519.98,3257150.6325,3502743.5046,,,
