,name,type,unit,1971,1972,1973,1974,1975,1976,1977,1978,1979,1980,1981,1982,1983,1984,1985,1986,1987,1988,1989,1990,1991,1992,1993,1994,1995,1996,1997,1998,1999,2000,2001,2002,2003,2004,2005,2006,2007,2008,2009,2010,2011,2012,2013,2014,2015,2016,2017,2018,2019,2020
0,World,marine_bunkers,MtCO2eq,354.0490186,370.5888037,391.5413835,365.8961762,341.2127,351.851792,351.6580902,353.7938286,364.5550653,356.973902,331.8471616,299.0233684,279.9521293,283.7214165,306.2667819,325.590341,322.119184,337.6499087,337.4523668,370.9937676,385.7450473,414.4063705,401.6475295,414.3017115,427.5375907,437.5935573,448.3629849,461.9317223,489.1869273,502.1308119,476.4400245,494.635876,502.35,551.9781317,571.6361705,608.958072,645.3054986,646.6868449,614.876374,661.801826,662.4634633,616.3653305,614.8859112,635.5683726,659.8416472,678.2022564,701.8738746,700.4282654,684.8432725,0.0
1,Annex I Parties ,marine_bunkers,MtCO2eq,,,,,,,,,,,,,,,,,,,,236.6943799,235.9260995,242.8806334,232.4419161,227.8999994,231.491156,226.7787577,228.0797255,233.8164875,236.061031,252.9687153,226.5206944,241.3756264,233.3289935,260.0772113,271.8649884,286.961301,301.964824,287.0262232,259.3501999,269.009284,267.7909317,229.7082445,232.2717468,257.4321532,250.0492171,258.7755526,273.0293128,269.245087,275.1799798,0.0
2,   Annex II Parties   ,marine_bunkers,MtCO2eq,205.2420072,214.6837776,232.3265952,215.4867154,219.5666798,222.0642874,222.5395597,231.8266283,239.6773659,237.6889833,221.6261726,189.3625096,173.4700878,169.364381,173.4735557,181.672111,176.9351755,182.5895934,186.1630216,226.1589513,232.1772732,238.7114994,228.981978,224.1097249,227.9457919,223.5881384,225.5988544,231.075578,232.6694495,247.1829128,220.3908984,234.266087,225.3673346,250.9235011,262.3147471,277.3642319,292.7157414,277.7225375,250.5790213,254.6870201,250.1522988,215.7526912,205.1555443,199.5025683,196.187631,212.2169618,221.7877021,218.0240655,226.3753253,0.0
3,      North America      ,marine_bunkers,MtCO2eq,26.69033211,25.97687563,33.34181684,35.40392685,36.50492699,48.22031185,58.54564415,71.78930173,83.79474107,94.90166391,84.41391025,67.85857509,60.55749495,59.42868791,57.02847176,55.39819127,55.48643677,59.99300691,62.83435399,94.53311182,100.3150885,105.723265,93.07418708,89.62765513,94.66810564,89.49115329,77.45403322,76.72635922,86.39722794,93.21078795,65.65362903,76.40644634,62.71311896,79.51934125,85.47889533,91.3670594,99.75067898,85.51241105,79.46224452,85.70755309,81.86408004,58.9669335,56.64434934,55.43247717,54.22659353,64.18007754,75.20119607,65.68768253,73.92331486,0.0
4,      Europe      ,marine_bunkers,MtCO2eq,121.8877895,134.3812511,134.9732305,114.9994083,111.9534879,116.9169069,111.430613,112.5925677,106.9931607,98.48762197,96.35261925,92.2523011,85.70609385,82.40234338,89.14837715,104.4954966,101.6746387,104.0958678,103.9669875,110.5112389,110.0949472,111.0283041,111.3700977,109.275811,111.1789838,117.4319014,127.8431015,133.3440846,126.0107388,133.0666442,136.4916554,139.0244825,141.8113671,149.8968091,153.0227546,162.8988642,170.4304196,170.8547306,151.9114935,150.860232,151.9603573,140.1457607,132.5588986,128.3863672,125.1881051,130.6671099,130.120978,135.0159855,134.3844299,0.0
5,      Asia Oceania,marine_bunkers,MtCO2eq,56.66388559,54.32565088,64.01154786,65.08338029,71.10826488,56.92706862,52.563302469999996,47.44475881,48.88946413,44.29969741,40.85964314,29.25163337,27.20649902,27.5333497,27.29670677,21.77842308,19.7741,18.50071865,19.36168005,21.11460056,21.76723749,21.95993025,24.53769326,25.20625882,22.09870254,16.66508362,20.30171964,21.00513416,20.26148282,20.90548071,18.24561391,18.83515824,20.84284857,21.50735082,23.81309726,23.09830828,22.53464287,21.35539581,19.20528328,18.11923503,16.32786138,16.63999702,15.95229636,15.68372401,16.77293239,17.3697744,16.46552807,17.32039748,18.06758052,0.0
6,   Annex I EIT   ,marine_bunkers,MtCO2eq,,,,,,,,,,,,,,,,,,,,9.88265489,3.027748452,3.482566055,2.898696229,3.153926459,2.605214254,2.36950822,1.509934926,1.783041833,1.86954339,1.816368124,2.473189582,2.63531753,2.700838984,2.718400179,3.175337073,3.159558491,3.015430087,3.492315144,3.59411771,7.90847071,12.24122387,8.934730804,19.7020101,50.08752007,45.45127221,37.23992373,40.87860267,40.36317502,37.80737864,0.0
7,Non-Annex I Parties ,marine_bunkers,MtCO2eq,,,,,,,,,,,,,,,,,,,,134.2993877,149.8189479,171.5257371,169.2056134,186.4017121,196.0464347,210.8147996,220.2832594,228.1152347,253.1258963,249.1620966,249.9193301,253.2602497,269.0210064,291.9009204,299.7711821,321.9967709,343.3406746,359.6606217,355.5261741,392.7925421,394.6725316,386.657086,382.6141644,378.1362193,409.79243,419.4267038,428.8445618,431.1831784,409.6632927,0.0
8,Annex B Kyoto Parties,marine_bunkers,MtCO2eq,,,,,,,,,,,,,,,,,,,,116.9014601,115.3755755,116.9293056,116.7858786,115.2249289,116.9587456,123.1028452,132.4744566,137.9134186,131.1920954,140.5806352,144.4814211,146.8831161,150.723304,158.8390065,161.9956132,172.6655964,179.692385,181.1275451,162.6523782,161.3669002,161.5976209,150.4150097,142.5680031,138.3146451,136.1648927,143.1352233,143.6932131,148.4699298,149.5019616,0.0
9,OECD Total,marine_bunkers,MtCO2eq,210.5242433,220.4785139,237.9032179,220.1899162,223.5138061,226.0777702,226.6408809,235.8829646,244.0942707,241.841775,226.3408517,193.4620394,177.081542,173.7996586,179.0980649,189.4296518,186.6277448,192.2843235,197.1007502,236.7770932,244.1496803,253.7079096,246.4572629,249.9233829,256.6956389,256.569132,262.0216361,269.0397365,273.6326649,287.9621956,260.49745,273.4813097,268.2140024,296.4193986,310.0270298,325.9757409,338.3111586,321.7094791,289.162863,294.5358759,289.0038283,255.278942,242.9504706,236.7180481,236.8512452,257.1118141,265.5650889,259.3151098,263.7861643,0.0
10,Non-OECD Total,marine_bunkers,MtCO2eq,143.5247753,150.1102899,153.6381656,145.70626,117.6988939,125.7740218,125.0172093,117.910864,120.4607946,115.1321271,105.5063099,105.561329,102.8705873,109.9217578,127.1687171,136.1606892,135.4914393,145.3655852,140.3516166,134.2166744,141.595367,160.6984609,155.1902665,164.3783287,170.8419518,181.0244253,186.3413488,192.8919857,215.5542624,214.1686163,215.9425745,221.1545664,234.1359975,255.5587331,261.6091407,282.982331,306.99434,324.9773658,325.713511,367.2659502,373.4596351,361.0863886,371.9354406,398.8503244,422.990402,421.0904423,436.3087858,441.1131556,421.0571082,0.0
11,Canada,marine_bunkers,MtCO2eq,3.099452497,3.39603721,3.688696798,3.275050847,2.607160979,2.765937036,2.834524819,5.612862846,5.000934226,4.758193422,3.073934331,2.463270924,1.900267467,1.673039585,1.189088299,1.145346671,1.720072937,1.78618219,2.064639817,2.897483219,2.99280991,3.072985179,2.739469719,3.078937115,3.200962836,2.979821889,2.938197924,3.695236073,3.321723022,3.371732659,3.632464269,2.754891463,1.587628875,1.933093323,2.860404796,2.281850427,2.781081654,2.7063612,2.111164654,2.201894531,1.619279727,1.326394286,1.404678055,1.174383359,0.691206333,1.040098449,1.201850467,1.444455638,1.803405228,0.0
12,Chile,marine_bunkers,MtCO2eq,0.606738605,0.612961497,0.588069605,0.460499187,0.373377728,0.289367553,0.236472485,0.267587269,0.329816836,0.273810161,0.314259445,0.093344351,0.099567243,0.071564067,0.090233067,0.143128134,0.133793635,0.158685526,0.364043228,0.57785606,0.619178537,0.646017454,0.74539056,1.022991682,1.129461508,0.846316847,1.021432959,1.195093748,1.316441274,1.96430853,2.169860059,2.005825159,2.790015204,3.007333473,3.329762835,3.943986153,3.799887587,3.678539736,2.642125987,1.296219714,1.585393129,0.536048056,0.669744453,0.640964997,0.413826687,0.420049903,0.441126981,0.421947913,0.317591736,0.0
13,Mexico,marine_bunkers,MtCO2eq,0.258252769,0.295590445,0.35159712,0.37026612,0.385823512,0.528951646,0.616073105,0.945889942,0.983227617,1.011231117,1.070349076,0.94900155,0.942778334,1.328601845,1.344159237,1.621131969,1.643861404,1.641201503,1.772245341,0.0,0.0,0.0,0.72380383,2.505768343,2.576699643,2.661342262,2.785671932,3.400503546,3.810314983,3.876604676,3.719597053,2.762722813,2.835325928,2.624540412,2.731957259,2.816780628,2.719466048,3.215197587,2.416426744,2.530066483,2.883793295,2.89939579,2.533313414,2.565241392,2.648037628,2.789680543,2.474647472,2.565648306,2.458773696,0.0
14,United States,marine_bunkers,MtCO2eq,23.59087962,22.58083842,29.65312004,32.128876,33.89776601,45.45437481,55.71111933,66.17643888,78.79380684,90.14347049,81.33997592,65.39530416,58.65722748,57.75564833,55.83938347,54.2528446,53.76636384,58.20682472,60.76971417,91.6356286,97.32227859,102.6502799,90.33471736,86.54871801,91.46714281,86.5113314,74.5158353,73.03112314,83.07550492,89.8390553,62.02116476,73.65155488,61.12549008,77.58624792,82.61849053,89.08520897,96.96959732,82.80604985,77.35107987,83.50565856,80.24480031,57.64053921,55.23967128,54.25809381,53.5353872,63.13997909,73.99934561,64.24322689,72.11990963,0.0
15,OECD Americas,marine_bunkers,MtCO2eq,28.5135424,27.87558795,35.07999968,37.03320828,37.75920842,49.42830595,59.7303708,73.27427341,85.62202545,96.49971844,86.03168212,69.14366854,61.84897208,61.02368576,58.68644233,57.35408788,57.57071632,61.93661989,65.12395092,95.44313195,101.3143417,106.8260149,94.92345311,93.62910949,98.95875158,93.60245665,81.91588772,81.96392889,92.07333182,99.79907555,72.6226276,81.98625162,69.28386422,86.39684992,92.69041721,99.65132871,107.7200689,93.94561524,86.0985857,91.5779726,88.62651347,66.34059868,60.8918791,59.23596912,58.23389297,68.44064897,78.95632241,69.1003711,77.1127375,0.0
16,Australia,marine_bunkers,MtCO2eq,5.152768116,4.493320129,5.967186247,5.712941131,5.080228957,4.601848026,4.943904558,4.718644477,4.498930653,3.715797795,3.685777371,2.616423788,2.738638908,2.311058583,2.307620707,1.55725592,1.650767116,1.860870223,2.115039078,2.158887306,1.951518852,2.076673475,2.26580456,2.506503089,2.817351231,2.871934495,2.648207487,2.331187126,2.674738763,2.993715199,2.600090897,2.422257178,2.899283587,2.927987511,2.764876349,3.259513221,2.673550486,3.05357655,2.833364354,2.184868935,1.942441189,2.539807582,2.025141054,2.327902223,1.766860695,1.762262441,1.805335467,1.832286112,2.47356934,0.0
17,Israel,marine_bunkers,MtCO2eq,0.0,0.0,0.0,0.0,0.0,0.0,0.0,0.0,0.0,0.0,0.0,0.0,0.0,0.0,0.35479979,0.370842397,0.426655246,0.364813657,0.407404117,0.383482656,0.481200112,0.599921556,0.600698161,0.63890903,0.652616634,0.296361197,0.566762834,0.423149484,0.465836857,0.587766837,0.555196096,0.847669405,0.855645171,0.719522385,0.814807909,0.821521869,1.073940048,1.176133683,1.113806878,1.070246311,0.984968477,1.017442305,0.777649556,0.432912264,0.813240773,0.489731989,0.755556617,0.97034522,1.070236868,0.0
18,Japan,marine_bunkers,MtCO2eq,50.45768772,48.73491219,57.00549951,58.41515973,64.93309652,51.0240377,46.40016037,41.59049641,42.82635117,39.39446498,36.13505633,25.89658925,23.71212736,24.39044075,24.24555843,19.6259385,17.61973138,15.91630875,16.58716184,17.90277116,18.88688284,19.00665107,21.34289251,21.33110691,18.13929207,12.69892562,16.52428397,17.57880342,16.65168248,17.14822424,14.81842702,15.50835829,17.07177728,17.83265361,20.04671639,18.85566786,18.85761943,17.17719188,15.27254492,14.85546941,13.28778993,13.12084707,12.94774745,12.43001314,13.92599544,14.63827683,13.73241552,14.48723312,14.54216332,0.0
19,Korea,marine_bunkers,MtCO2eq,1.542673945,1.955876834,1.892040631,0.923853519,0.170472603,0.190115457,0.291204977,0.240762486,0.343398695,0.31470744,0.855237601,0.577988017,0.576518576,1.246765879,1.711599846,3.069909441,4.44133126,5.213779722,6.195015425,5.324199117,7.962591661,10.31236097,12.63430784,18.63610275,21.57704923,26.64635097,29.489952,30.42114161,32.16103601,30.77956943,29.76270309,28.88577789,31.27142005,32.47883627,33.59360854,33.64756737,31.22261351,29.47112702,27.09367645,29.05138114,28.25472699,27.50640696,26.88869818,27.33829855,30.37859689,34.04290391,32.89354744,30.76961354,26.75170036,0.0
20,New Zealand,marine_bunkers,MtCO2eq,1.053429755,1.097418566,1.038862108,0.955279427,1.094939399,1.301182898,1.219237548,1.135617922,1.56418231,1.189434643,1.038809433,0.738620336,0.75573275,0.831850367,0.743527639,0.595228654,0.503601504,0.723539678,0.659479138,1.052942087,0.928835793,0.876605708,0.928996187,1.368648818,1.142059243,1.094223508,1.129228184,1.095143613,0.935061574,0.763541277,0.827095992,0.904542778,0.8717877,0.746709703,1.001504519,0.983127202,1.003472953,1.124627385,1.099374006,1.078896687,1.097630267,0.979342368,0.979407851,0.925808649,1.080076259,0.969235131,0.927777084,1.000878247,1.051847851,0.0
21,OECD Asia Oceania,marine_bunkers,MtCO2eq,58.20655953,56.28152772,65.90358849,66.00723381,71.27873748,57.11718408,52.85450745,47.68552129,49.23286283,44.61440485,41.71488074,29.82962139,27.78301759,28.78011558,29.36310641,25.21917492,24.6420865,24.07931203,25.9640996,26.82228233,30.21102926,32.87221277,37.77269926,44.4812706,44.32836841,43.60779579,50.35843447,51.84942525,52.88835568,52.27281698,48.5635131,48.56860553,52.96991379,54.70570947,58.22151371,57.56739752,54.83119642,52.00265652,47.41276661,48.24086248,45.56755686,45.16384629,43.6186441,43.45493482,47.96477005,51.9024103,50.11463213,49.06035624,45.88951774,0.0
22,Austria,marine_bunkers,MtCO2eq,0.0,0.0,0.0,0.0,0.0,0.0,0.0,0.0,0.0,0.0,0.0,0.0,0.0,0.0,0.0,0.0,0.0,0.0,0.0,0.050506447,0.044193335,0.041036624,0.044193335,0.053663158,0.063133292,0.063133292,0.063133292,0.066290003,0.066290003,0.072603115,0.075759826,0.08522996,0.069446404,0.082073248,0.080459991,0.070412497,0.075529316,0.069756025,0.05960398,0.07060826,0.062315494,0.063938059,0.068679486,0.064013758,0.064458955,0.064995674,0.065563727,0.04426283,0.045424375,0.0
23,Belgium,marine_bunkers,MtCO2eq,8.166021252,9.078697484,9.745412154,8.579383243,8.76175669,8.445340876,8.583332638,8.772955477,7.797460074,7.635809076,8.882957975,7.997307167,7.998944986,7.773907561,7.412173974,9.144260855,10.61798772,11.84145934,12.42553483,13.04171904,13.34676488,13.26080255,13.64628828,13.06970657,12.43611412,14.33378239,16.2273793,17.36870921,14.86132034,17.19648332,16.80863422,21.96298904,24.0188588,24.9126392,24.65391011,26.68014498,29.85263992,30.81186108,22.58804354,24.54699923,21.81281787,19.51655412,19.87908949,17.35232381,18.6521166,21.39313779,24.12977614,29.89218198,26.39530191,0.0
24,Czech Republic,marine_bunkers,MtCO2eq,0.0,0.0,0.0,0.0,0.0,0.0,0.0,0.0,0.0,0.0,0.0,0.0,0.0,0.0,0.0,0.0,0.0,0.0,0.0,0.0,0.0,0.0,0.0,0.0,0.0,0.0,0.0,0.0,0.0,0.0,0.0,0.0,0.0,0.0,0.0,0.0,0.0,0.0,0.0,0.0,0.0,0.0,0.0,0.0,0.0,0.0,0.0,0.0,0.0,0.0
25,Denmark,marine_bunkers,MtCO2eq,2.112617698,2.222433461,2.18437125,1.655685849,1.687494985,1.694717994,1.492932152,1.556082328,1.355026473,1.341141308,1.533881946,1.561076137,1.421184653,1.419953837,1.360982734,1.525070637,2.238121125,2.837330204,2.903455541,3.053640663,2.739226627,2.866036772,4.262434107,4.789641902,5.016271424,4.747630272,4.3579004,4.37871606,4.111347166,4.082256957,3.392276079,2.789301615,2.933435333,2.385691034,2.434440719,3.213523644,3.365914605,2.904486754,1.621590227,2.186578689,2.216022393,1.63397444,1.994262995,2.34010251,2.416563739,2.105569175,1.667700046,1.858998821,2.325196614,0.0
26,Estonia,marine_bunkers,MtCO2eq,,,,,,,,,,,,,,,,,,,,0.574822247,0.677415001,0.392765267,0.478055574,0.403265992,0.28106634,0.290050872,0.317672382,0.336187719,0.352092604,0.333819588,0.318521944,0.374492251,0.355613277,0.476721044,0.380441712,0.674561904,0.785168636,0.799981313,0.71299014,0.700969889,0.598983741,1.277672925,1.339898384,1.027809114,0.925092656,0.867421484,0.994418054,0.929035574,0.574859774,0.0
27,Finland,marine_bunkers,MtCO2eq,0.242155201,0.164815825,0.254842393,0.230013944,0.307535307,0.480850387,0.698538727,0.81472857,1.752508742,1.858502917,1.820140101,2.086517454,2.132168699,2.671479163,1.468533098,1.633227283,1.560136827,1.560136827,1.666067956,1.799923898,1.715907139,2.162822905,1.696054898,1.321621241,1.046441005,1.185578833,1.288050271,1.647489574,1.76513765,2.122876102,1.816677698,2.043355345,2.030486165,1.634564511,1.606700357,1.768420129,1.45044207,1.270752896,0.789295591,0.669461682,0.632188376,0.386451844,0.411522925,0.305409809,0.943853013,0.913215822,1.123671565,1.037354317,1.07040111,0.0
28,France,marine_bunkers,MtCO2eq,12.89773437,15.09599585,17.08056294,15.86802748,14.71639181,16.70886092,16.96868471,15.18423548,15.3817496,12.72454065,12.46821503,9.455454517,8.379069847,7.48126508,7.656114279,7.700168683,7.207922267,7.210368053,7.408399637,7.861719994,7.909407211,7.644260673,7.377521756,6.60235368,6.786035534,7.139203856,7.800075825,8.654951776,8.703385525,8.988899407,7.623167534,7.384552378,7.991899448,9.029980592,8.254966239,8.552427618,8.76803826,7.659843885,7.643463221,7.412285904,8.424310243,7.97197674,7.276589883,6.215829282,5.552299705,5.262838269,5.561636041,6.284408717,5.480757441,0.0
29,Germany,marine_bunkers,MtCO2eq,13.13702067,13.89825313,13.07291669,11.40880306,10.7136092,10.65343732,10.89484925,10.49910688,10.82717457,11.22580453,11.97683969,10.64477136,9.922062692,9.179072733,11.05707442,14.31724033,11.13821917,9.294786188,8.102176493,7.951939564,6.716969529,5.651390886,7.059843071,6.540800292,6.575948538,6.487700889,6.870990276,6.523401795,6.65089447,6.986389189,7.0861056,7.598097744,8.277925641,8.46635128,7.930257875,8.20803536,9.768322371,9.471335804,8.685401203,8.839566864,8.670572387,8.097520528,7.316964773,7.326978158,7.609661518,8.899662125,7.234991731,5.354164435,4.296729953,0.0
30,Greece,marine_bunkers,MtCO2eq,1.900984086,2.641275676,2.848385779,2.200611811,2.825115362,3.225168796,2.797158063,3.228384995,3.087127304,2.65927281,3.242288945,2.63547289,2.565296189,2.680942161,3.543996107,5.50381997,5.745854166,6.592153988,6.718058364,8.117010018,7.448568749,8.553140355,9.968564363,10.55886491,11.34285656,9.984622904,10.00910532,11.13540002,9.918509453,11.45668955,11.13250954,10.00776183,10.23691173,10.3436161,9.152997361,9.881371552,10.30536523,9.859234215,8.371932645,8.729479933,8.872791512,7.248130746,6.831202232,6.003382399,5.733543392,5.526388637,6.867126524,7.034328896,8.105512596,0.0
31,Hungary,marine_bunkers,MtCO2eq,0.0,0.0,0.0,0.0,0.0,0.0,0.0,0.0,0.0,0.0,0.0,0.0,0.0,0.0,0.0,0.0,0.0,0.0,0.0,0.0,0.0,0.0,0.0,0.0,0.0,0.0,0.0,0.0,0.0,0.0,0.0,0.0,0.0,0.0,0.0,0.0,0.0,0.0,0.0,0.0,0.0,0.0,0.0,0.0,0.0,0.0,0.0,0.0,0.0,0.0
32,Iceland,marine_bunkers,MtCO2eq,0.0,0.0,0.0,0.0,0.0,0.0,0.0,0.0,0.0,0.0,0.0,0.0,0.003156711,0.012626534,0.015783245,0.041036624,0.050506447,0.050506447,0.101013205,0.097856494,0.037879913,0.059915923,0.097795836,0.091422066,0.141806873,0.119771188,0.144902926,0.176166114,0.16086847,0.214167667,0.145085224,0.208157858,0.211253587,0.220905708,0.201905094,0.110301364,0.207126322,0.228373737,0.162629993,0.181387652,0.196928576,0.184605345,0.078127956,0.072118148,0.14757436,0.183439345,0.209936333,0.238778317,0.202501388,0.0
33,Ireland,marine_bunkers,MtCO2eq,0.240393988,0.246282481,0.28786504,0.253566147,0.206459057,0.22509571,0.282097877,0.241728194,0.156498234,0.23741894,0.175135211,0.122078336,0.165968368,0.106538046,0.093850544,0.071754186,0.075153219,0.071754186,0.059491303,0.056274245,0.105991787,0.052935236,0.169246409,0.121896672,0.3662963,0.495233993,0.473683275,0.495719285,0.53991262,0.474411198,0.506038347,0.45140462,0.535906346,0.470526564,0.327603755,0.40337765,0.353130893,0.220246545,0.29957055,0.426940146,0.333011742,0.394250537,0.446929656,0.411015113,0.48885609,0.48908522,0.476739323,0.496271362,0.434631839,0.0
34,Italy,marine_bunkers,MtCO2eq,23.10852055,24.35303219,22.80985116,19.01886638,18.22335392,17.75163069,16.36053415,17.58086051,16.11926909,13.29685491,12.41624538,12.95600763,10.23515626,10.13249234,10.93163016,11.56644692,10.44690194,9.958628941,8.973678322,8.526060692,8.098006171,7.78617653,7.760377527,7.51557664,7.757861907,6.107676442,6.401245614,7.090381245,4.546903957,5.302007361,5.663693168,6.16774281,6.728127581,7.059512328,7.235351353,7.523019924,7.766720499,8.142202691,7.582204025,9.598826784,8.052666249,7.968106677,7.038032741,6.176651537,6.118420789,7.127177496,7.416514211,8.745354999,8.522624418,0.0
35,Latvia,marine_bunkers,MtCO2eq,,,,,,,,,,,,,,,,,,,,1.496333883,0.446976424,0.567477909,0.670737928,0.883510097,0.475265198,0.307838287,0.224125141,0.047228731,0.031566491,0.025253379,0.615978123,0.649124164,0.592668256,0.639229721,0.822803205,0.623142862,0.563954862,0.652889856,0.867484206,0.796761556,0.679477764,0.76070145,0.760276831,0.734841788,0.803133262,0.991380285,0.819401785,0.119226374,0.913457529,0.0
36,Lithuania,marine_bunkers,MtCO2eq,,,,,,,,,,,,,,,,,,,,0.300311974,0.495360085,0.919511918,0.507743973,0.479880143,0.445823882,0.414863998,0.192376677,0.159230326,0.230559893,0.292358345,0.317066099,0.34808633,0.347844009,0.360349213,0.456203926,0.440541996,0.378561247,0.285681271,0.403450354,0.450011819,0.453229188,0.388213368,0.279428507,0.034541538,0.240818297,0.518000314,0.557379808,0.641590608,0.620270746,0.0
37,Luxembourg,marine_bunkers,MtCO2eq,0.0,0.0,0.0,0.0,0.0,0.0,0.0,0.0,0.0,0.0,0.0,0.0,0.0,0.0,0.0,0.0,0.0,0.0,0.0,0.0,0.0,0.0,0.0,0.0,0.0,0.0,0.0,0.0,0.0,0.0,0.0,0.0,0.0,0.0,0.0,0.0,0.0,0.0,0.0,0.0,0.0,0.0,0.0,0.0,0.0,0.0,0.0,0.0,0.0,0.0
38,Netherlands,marine_bunkers,MtCO2eq,28.62210313,35.34771583,37.16460869,29.81935707,33.29235137,35.11257861,33.96089472,35.49819828,31.03116513,29.79444244,28.51231892,27.81684261,25.8522109,24.16855415,27.82922648,30.93947077,30.30434183,33.81655523,32.94493857,34.94620669,36.17180736,36.19466289,34.48571558,34.75587865,34.71261166,36.09175529,37.91356535,37.91909788,39.24817699,41.43408913,45.31538712,44.93515687,42.16743299,45.95207406,49.22182171,52.50285495,53.8158433,51.67968595,46.12521398,43.65451438,47.01043423,43.19115026,41.38490727,40.7606308,37.55239648,37.30513868,36.61088077,35.15048091,37.3161843,0.0
39,Norway,marine_bunkers,MtCO2eq,1.937973084,2.105720915,2.015512049,1.435303274,1.524036598,1.951368828,1.452586039,1.342666255,1.132704255,0.885346774,0.801599029,0.761004639,0.928231328,0.928517633,1.043589972,1.064349735,1.068537673,1.285619095,1.051662233,1.406423883,1.227525678,1.532935176,1.642447636,1.795304192,2.217935084,2.417292448,3.006437643,2.808657765,2.684696266,2.591391671,2.541734463,2.08729175,1.754811453,1.619620981,2.185514593,1.579795184,2.073879022,1.505796881,1.551690771,1.225036231,1.190919312,1.03065776,1.128271298,0.458059611,0.417979909,0.336770482,0.554269067,0.68064712,0.593719834,0.0
40,Poland,marine_bunkers,MtCO2eq,1.649913924,1.614642399,1.667759298,1.880228474,2.23389824,2.345475216,2.532327375,2.330602191,2.240029688,2.240029688,2.241669571,2.055727647,1.743458467,1.593513912,1.650942453,1.691311812,2.181266308,1.625871048,1.513689852,1.253084424,0.489893838,0.756816816,0.424513731,0.422875912,0.44442632,0.522614934,0.672314779,0.836888283,1.161056075,0.906701023,0.827966473,0.857104486,0.903726299,0.804229908,1.02252453,0.937173565,0.789417231,0.876044442,0.79026616,0.687491742,0.539672362,0.456019564,0.441145905,0.462757606,0.600070864,0.571297123,0.829436869,0.837479815,0.855537085,0.0
41,Portugal,marine_bunkers,MtCO2eq,2.341279817,2.25414939,2.549759913,2.874189721,2.024811137,1.726347402,1.881268475,1.814916061,1.608402092,1.356863895,1.467216729,1.251582416,1.518488835,1.54714157,1.497241406,1.606147272,1.602566252,1.475448042,1.790085352,1.929283837,1.954658545,1.916960606,1.624359306,1.546534653,1.532207253,1.581864772,1.572091335,1.210955915,1.86560492,2.105331333,1.5046491,1.530935769,1.838774056,2.08930783,1.837985785,2.017493295,1.591281073,1.69684824,1.528858396,1.476711741,1.801973804,1.947260374,2.074785586,1.950902053,2.059242598,2.450430703,2.494873387,2.596184144,3.059632523,0.0
42,Slovak Republic,marine_bunkers,MtCO2eq,0.0,0.0,0.0,0.0,0.0,0.0,0.0,0.0,0.0,0.0,0.0,0.0,0.0,0.0,0.0,0.0,0.0,0.0,0.0,0.0,0.0,0.0,0.0,0.0,0.0,0.0,0.0,0.0,0.0,0.0,0.0,0.0,0.0,0.0,0.0,0.0,0.0,0.0,0.0,0.0,0.0,0.0,0.0,0.0,0.0,0.0,0.0,0.0,0.0,0.0
43,Slovenia,marine_bunkers,MtCO2eq,,,,,,,,,,,,,,,,0.0,0.0,0.0,0.0,0.0,0.0,0.0,0.0,0.0,0.0,0.0,0.0,0.0,0.0,0.0,0.0,0.0,0.0,0.0,0.068111874,0.092879975,0.151704014,0.207431999,0.102168135,0.058824038,0.102168135,0.15789612,0.191952057,0.179567844,0.201239893,0.383904114,0.487016231,0.710845407,0.599910323,0.0
44,Spain,marine_bunkers,MtCO2eq,6.006340342,6.854763275,4.332139156,3.083419882,3.476002851,3.863427638,3.732121801,4.439461022,5.655281339,5.12616862,4.55717182,5.138513489,6.529559496,5.623278641,6.835270545,10.78472703,11.65801209,10.20807166,10.12678969,11.57789188,12.27613206,12.43809003,10.86540845,9.82940782,10.10300168,14.77891335,18.24779467,19.21449308,18.74512102,19.16649417,21.45843079,21.91052977,22.31929373,23.02308128,25.2654385,26.38063903,26.99477264,27.98665545,27.81103529,26.80598565,27.42161109,26.78414559,23.01625063,24.8867063,23.79300639,23.92144567,21.26169837,22.2938054,22.80282581,0.0
45,Sweden,marine_bunkers,MtCO2eq,3.622786567,3.897903433,3.541621152,3.78912127,3.486511036,3.982599044,3.51892709,3.450089667,2.765390365,2.692602888,2.045599772,1.755912537,1.753726394,1.647067342,1.774367216,2.055009247,2.681856819,2.099020285,2.144366162,2.114378911,2.507510202,2.855900146,2.874233496,3.389443448,3.330922713,3.529673469,4.185173777,4.998570205,4.82119058,4.332033726,4.433170001,3.844678754,5.149481224,6.058206095,6.18556695,6.646446155,6.614637018,6.504595608,6.766819947,6.255455592,5.489103209,5.389015142,5.092058851,5.471042343,5.752878852,6.332563437,7.407535546,5.623802894,6.413634142,0.0
46,Switzerland,marine_bunkers,MtCO2eq,0.0,0.0,0.0,0.0,0.0,0.0,0.0,0.0,0.0,0.0,0.0,0.0,0.0,0.0,0.0,0.0,0.066290003,0.069446404,0.063133292,0.05681987,0.025253379,0.053663158,0.053663158,0.05681987,0.050506447,0.044193335,0.041036624,0.034723202,0.037879913,0.034723202,0.037879913,0.025253379,0.031566491,0.02841009,0.037879913,0.02841009,0.02841009,0.031566491,0.025253379,0.031566491,0.025253379,0.025253379,0.018939957,0.015783245,0.018939957,0.015783245,0.012626534,0.00850404,0.008261121,0.0
47,Turkey,marine_bunkers,MtCO2eq,0.266438011,0.325504695,0.278639926,0.269837368,0.288474021,0.269898026,0.093062273,0.0,0.006192106,0.0,0.0,0.180720711,0.0,0.0,0.249196546,0.669580624,0.559036938,0.546652725,0.532022346,0.375887439,0.419716813,0.344805915,0.309961708,0.347659647,0.582953413,0.391610026,0.497723453,0.502762693,0.884963555,1.265526596,0.740121286,1.673162824,1.949005549,3.139500242,3.342259026,3.089850183,2.660667674,2.084447865,0.863658166,1.162749791,0.475869417,0.588232911,2.868347081,3.201259146,2.69412209,2.769641658,2.685503583,2.900219249,2.835443686,0.0
48,United Kingdom,marine_bunkers,MtCO2eq,17.55185871,16.22021219,17.0853821,14.78305916,10.70805859,11.09548274,8.806687342,8.169154034,8.323403404,7.652852212,6.453008701,8.069759926,6.300868481,7.029506576,6.62854297,6.542767076,5.21223116,5.724582929,7.488136592,7.923582818,7.769144649,7.957573645,7.741950457,7.236875219,7.699033367,8.323874707,9.240535605,9.620361511,7.283499406,6.505797059,6.950456812,5.992042967,5.515756066,6.520248162,6.409954258,7.332190808,7.398366955,10.81148836,10.29888681,8.748826722,9.747437476,8.312769128,8.502282873,8.575418273,7.866312767,8.339468107,7.025438682,7.676456293,7.311090572,0.0
49,OECD Europe,marine_bunkers,MtCO2eq,123.8041414,136.3213982,136.9196297,117.1494741,114.4758602,119.5322802,114.0560027,114.9231699,109.2393825,100.7276517,98.59428882,94.48874946,87.44955231,83.99585729,91.04851615,106.856389,104.414942,106.2683916,106.0126997,114.5116789,112.6243094,114.0096819,113.7611106,111.8130028,113.4085189,119.3588796,129.7473139,135.2263824,128.6709774,135.8903031,139.3113094,142.9264525,145.9602244,155.3168392,159.1150988,168.7570147,175.7598933,175.7612074,155.6515107,154.7170408,154.809758,143.774497,138.4399474,134.0271442,130.6525822,136.7687549,136.4941343,141.1543825,140.7839091,0.0
50,Albania,marine_bunkers,MtCO2eq,0.0,0.0,0.0,0.0,0.0,0.0,0.0,0.0,0.0,0.0,0.0,0.0,0.0,0.0,0.0,0.0,0.0,0.0,0.0,0.0,0.0,0.0,0.0,0.0,0.0,0.0,0.0,0.0,0.0,0.0,0.0,0.0,0.0,0.0,0.0,0.0,0.0,0.0,0.0,0.0,0.0,0.0,0.063429573,0.063429573,0.063429573,0.10783046,0.114173355,0.098315962,0.098315962,0.0
51,Armenia,marine_bunkers,MtCO2eq,,,,,,,,,,,,,,,,,,,,0.0,0.0,0.0,0.0,0.0,0.0,0.0,0.0,0.0,0.0,0.0,0.0,0.0,0.0,0.0,0.0,0.0,0.0,0.0,0.0,0.0,0.0,0.0,0.0,0.0,0.0,0.0,0.0,0.0,0.000651215,0.0
52,Azerbaijan,marine_bunkers,MtCO2eq,,,,,,,,,,,,,,,,,,,,0.0,0.0,0.0,0.0,0.0,0.0,0.0,0.0,0.0,0.0,0.0,0.0,0.0,0.0,0.0,0.0,0.0,0.173844658,0.186487635,0.224417497,0.230738986,0.246543017,0.271829592,0.252864816,0.23390004,0.158040626,0.152667237,0.14002395,0.135914796,0.096720698,0.0
53,Belarus,marine_bunkers,MtCO2eq,,,,,,,,,,,,,,,,,,,,0.0,0.0,0.0,0.0,0.0,0.0,0.0,0.0,0.0,0.0,0.0,0.0,0.0,0.0,0.0,0.0,0.0,0.0,0.0,0.0,0.0,0.0,0.0,0.0,0.0,0.0,0.0,0.0,0.0,0.0,0.0
54,Bosnia and Herzegovina,marine_bunkers,MtCO2eq,,,,,,,,,,,,,,,,,,,,0.0,0.0,0.0,0.0,0.0,0.0,0.0,0.0,0.0,0.0,0.0,0.0,0.0,0.0,0.0,0.0,0.0,0.0,0.0,0.0,0.0,0.0,0.0,0.0,0.0,0.0,0.0,0.0,0.0,0.0,0.0
55,Bulgaria,marine_bunkers,MtCO2eq,0.0,0.0,0.0,0.0,0.0,0.0,0.0,0.0,0.0,0.0,0.0,0.0,0.0,0.819321445,0.719287238,0.896279554,0.936830577,0.949188731,0.970297536,0.182663898,0.918103104,0.845994145,0.817645023,0.823654832,0.855221633,0.743280385,0.02841009,0.220966056,0.025192721,0.2020261,0.302978647,0.331449394,0.432462289,0.363015885,0.34723264,0.328856393,0.162990225,0.381785387,0.646636549,0.30540608,0.237102279,0.199873337,0.284041864,0.256024117,0.271888533,0.2437555,0.251556155,0.25810763,0.237502846,0.0
56,Croatia,marine_bunkers,MtCO2eq,,,,,,,,,,,,,,,,,,,,0.147231139,0.0,0.0,0.0,0.140739483,0.103410881,0.090859744,0.075035857,0.081527513,0.069075606,0.056209689,0.090678296,0.075060905,0.068524854,0.074854408,0.078019186,0.062401796,0.074579201,0.068111874,0.021740772,0.021740772,0.074372705,0.012452937,0.012452937,0.015617714,0.012521661,0.015686439,0.020075825,0.065201868,0.077911033,0.0
57,Cyprus,marine_bunkers,MtCO2eq,0.006252764,0.018758293,0.031323845,0.062526375,0.065622428,0.062526375,0.068597475,0.040793979,0.053238539,0.053117533,0.049960822,0.068900779,0.106174085,0.115279947,0.106113427,0.112366191,0.211498297,0.211619937,0.268197161,0.182793125,0.176307603,0.185748747,0.157186961,0.19459521,0.216663034,0.285871702,0.311007357,0.311475597,0.487253346,0.609439355,0.606145836,0.436449913,0.392839555,0.173410898,0.920012307,0.934831656,0.869402913,0.802467132,0.693082027,0.590208969,0.62901301,0.623129306,0.756109264,0.735524283,0.773259933,0.909222888,0.806437107,0.856249063,0.884087885,0.0
58,Georgia,marine_bunkers,MtCO2eq,,,,,,,,,,,,,,,,,,,,0.0,0.391551742,0.279671153,0.189462611,0.164634162,0.158381398,0.0,0.0,0.0,0.0,0.0,0.0,0.0,0.0,0.0,0.0,0.0,0.0,0.0,0.0,0.0,0.0,0.0,0.0,0.0,0.0,0.0,0.0,0.005050738,0.006628938,0.0
59,Gibraltar,marine_bunkers,MtCO2eq,3.537022245,3.670453878,3.924871652,3.869022351,3.853542409,3.955892517,4.052110868,4.173097953,4.287892299,4.201022132,4.145173141,4.23823478,4.399590915,4.51438557,4.675741705,4.868118071,5.094611343,5.35212548,5.463824096,5.510324904,5.435899283,5.445187443,5.556886045,5.792667166,5.975756007,6.146399977,6.537345113,7.874572063,8.293442335,8.411332733,9.283189238,10.29157279,11.8801221,11.28441607,12.67439627,12.35174499,13.39424546,13.00330032,13.76655427,13.28873864,13.23288965,13.34458827,12.20902583,11.46750459,11.70953848,11.8988191,13.24673665,12.94070292,13.25364955,0.0
60,Kazakhstan,marine_bunkers,MtCO2eq,,,,,,,,,,,,,,,,,,,,0.0,0.0,0.0,0.0,0.0,0.0,0.0,0.0,0.0,0.0,0.0,0.0,0.0,0.0,0.0,0.0,0.0,0.0,0.0,0.0,0.0,0.059976581,0.0,0.0,0.0,0.300614764,0.467902938,0.043553633,0.046406029,0.496573801,0.0
61,Kosovo,marine_bunkers,MtCO2eq,,,,,,,,,,,,,,,,,,,,,,,,,,,,,,0.0,0.0,0.0,0.0,0.0,0.0,0.0,0.0,0.0,0.0,0.0,0.0,0.0,0.0,0.0,0.0,0.0,0.0,0.0,0.0,0.0
62,Kyrgyzstan,marine_bunkers,MtCO2eq,,,,,,,,,,,,,,,,,,,,0.0,0.0,0.0,0.0,0.0,0.0,0.0,0.0,0.0,0.0,0.0,0.0,0.0,0.0,0.0,0.0,0.0,0.0,0.0,0.0,0.0,0.0,0.0,0.0,0.0,0.0,0.0,0.0,0.0,0.0,0.0
63,Malta,marine_bunkers,MtCO2eq,0.189947888,0.084562384,0.07193585,0.07830993,0.07830993,0.087779753,0.094093176,0.09397186,0.109573442,0.087537432,0.065986389,0.094093176,0.047046433,0.062526375,0.062526375,0.100406288,0.094093176,0.094093176,0.094093176,0.094093176,0.125053383,0.156013267,0.094093176,0.094093176,0.140533325,0.143629379,0.162205374,0.143629379,0.149821161,2.094468386,2.310339305,2.364609057,2.918974844,3.122398829,2.112632881,2.412828789,2.703581901,2.924455625,3.620320609,4.660834427,4.292526644,3.809460317,3.789736045,3.905281398,4.942931874,5.639802555,6.871067293,7.101378198,7.27774427,0.0
64,Republic of Moldova,marine_bunkers,MtCO2eq,,,,,,,,,,,,,,,,,,,,0.0,0.0,0.0,0.0,0.0,0.0,0.0,0.0,0.0,0.0,0.0,0.0,0.0,0.0,0.0,0.0,0.0,0.0,0.0,0.0,0.0,0.0,0.0,0.0,0.0,0.0,0.0,0.0,0.0,0.0,0.0
65,Montenegro,marine_bunkers,MtCO2eq,,,,,,,,,,,,,,,,,,,,,,,,,,,,,,,,,,,0.0,0.0,0.0,0.0,0.0,0.0,0.0,0.0,0.0,0.0,0.0,0.0,0.0,0.0,0.0,0.0
66,Republic of North Macedonia,marine_bunkers,MtCO2eq,,,,,,,,,,,,,,,,,,,,0.0,0.0,0.0,0.0,0.0,0.0,0.0,0.0,0.0,0.0,0.0,0.0,0.0,0.0,0.0,0.0,0.0,0.0,0.0,0.0,0.0,0.0,0.0,0.0,0.0,0.0,0.0,0.0,0.0,0.0,0.0
67,Romania,marine_bunkers,MtCO2eq,0.0,0.0,0.0,0.0,0.0,0.0,0.0,0.0,0.0,0.0,0.0,0.0,0.0,0.0,0.0,0.0,0.0,0.0,0.0,0.0,0.0,0.0,0.0,0.0,0.0,0.0,0.0,0.101013205,0.0,0.0,0.0,0.0,0.0,0.0,0.0,0.0,0.109054671,0.220389002,0.049381394,0.049550039,0.028299954,0.044022082,0.128921634,0.248410363,0.138355159,0.097477378,0.086556864,0.056137648,0.106107066,0.0
68,Russian Federation,marine_bunkers,MtCO2eq,,,,,,,,,,,,,,,,,,,,5.928207325,0.0,0.0,0.0,0.0,0.0,0.0,0.0,0.0,0.0,0.0,0.0,0.0,0.0,0.0,0.0,0.0,0.0,0.0,0.0,4.837714775,9.527917742,5.637879021,16.26389199,47.12794998,42.25815188,33.55100109,36.83276108,36.7455501,33.82182224,0.0
69,Serbia,marine_bunkers,MtCO2eq,,,,,,,,,,,,,,,,,,,,0.0,0.0,0.0,0.0,0.0,0.0,0.0,0.0,0.0,0.0,0.0,0.0,0.0,0.0,0.0,0.0,0.0,0.0,0.0,0.0,0.0,0.0,0.009720188,0.029160255,0.048600321,0.076208126,0.063506513,0.045512174,0.053739478,0.050759294,0.0
70,Tajikistan,marine_bunkers,MtCO2eq,,,,,,,,,,,,,,,,,,,,0.0,0.0,0.0,0.0,0.0,0.0,0.0,0.0,0.0,0.0,0.0,0.0,0.0,0.0,0.0,0.0,0.0,0.0,0.0,0.0,0.0,0.0,0.0,0.0,0.0,0.0,0.0,0.0,0.0,0.0,0.0
71,Turkmenistan,marine_bunkers,MtCO2eq,,,,,,,,,,,,,,,,,,,,0.0,0.0,0.0,0.0,0.0,0.0,0.0,0.0,0.0,0.0,0.0,0.0,0.0,0.0,0.0,0.0,0.0,0.0,0.0,0.0,0.0,0.0,0.0,0.0,0.0,0.0,0.0,0.0,0.0,0.0,0.0
72,Ukraine,marine_bunkers,MtCO2eq,,,,,,,,,,,,,,,,,,,,0.0,0.0,0.0,0.0,0.0,0.0,0.0,0.0,0.0,0.0,0.0,0.0,0.0,0.0,0.0,0.0,0.0,0.0,0.0,0.0,0.0,0.0,0.0,0.0,0.0,0.0,0.0,0.0,0.0,0.0,0.0
73,Uzbekistan,marine_bunkers,MtCO2eq,,,,,,,,,,,,,,,,,,,,0.0,0.0,0.0,0.0,0.0,0.0,0.0,0.0,0.0,0.0,0.0,0.0,0.0,0.0,0.0,0.0,0.0,0.0,0.0,0.0,0.0,0.0,0.0,0.0,0.0,0.0,0.0,0.0,0.0,0.0,0.0
74,Former Soviet Union (if no detail),marine_bunkers,MtCO2eq,13.31279863,13.62240071,14.55120047,14.8607993,14.24159839,15.17040138,14.55120047,15.17040138,15.17040138,14.24159839,14.24159839,13.62240071,14.24159839,14.55120047,13.93199955,14.55120047,14.55120047,14.8607993,14.55120047,,,,,,,,,,,,,,,,,,,,,,,,,,,,,,,0.0
75,Former Yugoslavia (if no detail),marine_bunkers,MtCO2eq,0.0,0.0,0.0,0.0,0.0,0.0,0.0,0.0,0.0,0.0,0.0,0.0,0.0,0.0,0.0,0.0,0.0,0.0,0.0,,,,,,,,,,,,,,,,,,,,,,,,,,,,,,,0.0
76,Non-OECD Europe and Eurasia,marine_bunkers,MtCO2eq,17.04602153,17.39617527,18.57933181,18.87065796,18.23907315,19.27660003,18.76600198,19.47826517,19.62110566,18.58327548,18.50271874,18.02362945,18.79440982,20.0627138,19.49566829,20.52837057,20.88823386,21.46782663,21.34761243,12.04531357,7.046915115,6.912614755,6.815273816,7.210384029,7.449966278,7.410041187,7.114003791,8.733183813,9.024785169,11.37347626,12.59333132,13.49914206,15.69292364,15.01809609,16.13229329,16.09066362,17.48769903,17.58699698,19.02213311,23.98493269,28.32864158,23.95295505,33.7896342,64.10224238,60.70494061,53.1476721,58.45845409,58.36275443,56.4084748,0.0
77,Algeria,marine_bunkers,MtCO2eq,0.61509066,0.359270132,0.497631008,0.830747751,0.775226292,0.891127207,1.252732342,0.860024127,1.526154525,1.302716128,1.249044456,1.233584302,1.273256981,1.343262325,1.168825256,0.779702161,0.779604924,0.97416695,1.392463655,1.373697742,1.196246302,1.175054,1.047580495,1.12361489,1.178936036,1.049424755,0.835902988,0.751019619,0.747228644,0.775134906,0.602450725,0.765509341,0.681596404,1.042528348,1.179724331,1.078798354,1.097564268,1.01938902,0.920015604,1.016277412,0.807129059,0.82657434,0.877425779,0.829976999,0.867702976,0.749175669,0.740520536,0.671485623,0.084980283,0.0
78,Angola,marine_bunkers,MtCO2eq,0.777670236,0.425490663,0.472939119,0.659142605,0.48830236,0.474783069,0.409344656,0.490728749,0.702794558,0.843781516,0.913204731,0.657092814,0.987880082,0.003111608,0.105790459,0.059117959,0.043560567,0.052895067,0.056006675,0.015557392,0.043560567,0.024891892,0.024891892,0.015557392,0.028003176,0.021780284,0.006222892,0.0,0.0,0.0,0.0,0.0,0.320482336,0.485390755,0.339151336,0.566289322,0.86188009,0.883660374,0.575623822,0.556954822,0.504059754,1.173027927,0.737420632,1.151247643,1.278818386,1.085128728,1.063155306,1.040479001,1.032803031,0.0
79,Benin,marine_bunkers,MtCO2eq,0.0,0.0,0.0,0.0,0.0,0.0,0.0,0.0,0.0,0.0,0.0,0.0,0.0,0.0,0.0,0.0,0.0,0.0,0.0,0.0,0.0,0.0,0.0,0.0,0.0,0.0,0.0,0.0,0.0,0.0,0.0,0.0,0.0,0.0,0.0,0.0,0.0,0.0,0.0,0.0,0.0,0.0,0.0,0.0,0.0,0.003111608,0.004279905,0.0,0.001299603,0.0
80,Botswana,marine_bunkers,MtCO2eq,0.0,0.0,0.0,0.0,0.0,0.0,0.0,0.0,0.0,0.0,0.0,0.0,0.0,0.0,0.0,0.0,0.0,0.0,0.0,0.0,0.0,0.0,0.0,0.0,0.0,0.0,0.0,0.0,0.0,0.0,0.0,0.0,0.0,0.0,0.0,0.0,0.0,0.0,0.0,0.0,0.0,0.0,0.0,0.0,0.0,0.0,0.0,0.0,0.0,0.0
81,Cameroon,marine_bunkers,MtCO2eq,0.0,0.0,0.0,0.0,0.0,0.0,0.0,0.0,0.131452779,0.118618693,0.195235218,0.19863789,0.012834086,0.022362737,0.028682543,0.016042608,0.009625565,0.035196823,0.032085215,0.04171078,0.073699392,0.060962219,0.048127823,0.070393633,0.089838913,0.141175257,0.170051951,0.016042608,0.02877978,0.060962219,0.064170741,0.057753387,0.057753387,0.047933672,0.038308107,0.133981934,0.162858627,0.156635736,0.156732649,0.137578433,0.143995477,0.15041252,0.156829563,0.166455127,0.0,0.0,0.0,0.0,0.0,0.0
82,Congo,marine_bunkers,MtCO2eq,0.0,0.0,0.0,0.0,0.0,0.0,0.0,0.0,0.0,0.0,0.0,0.0,0.0,0.0,0.0,0.0,0.0,0.0,0.0,0.0,0.0,0.0,0.0,0.0,0.0,0.0,0.0,0.0,0.0,0.0,0.0,0.0,0.0,0.0,0.0,0.0,0.089838913,0.134758214,0.0,0.0,0.0,0.0,0.0,0.0,0.0,0.0,0.0,0.0,0.0,0.0
83,CÃ´te d'Ivoire,marine_bunkers,MtCO2eq,0.062229567,0.062229567,0.046672175,0.031114784,0.009625565,0.006417043,0.003208522,0.006417043,1.005858011,1.362707606,1.114074549,1.025982659,0.62520175,0.616837682,0.734971159,0.404492512,0.404492512,0.404492512,0.404492512,0.121735829,0.271572071,0.318147333,0.278183265,0.337495376,0.271669309,0.278377416,0.2814887,0.284600308,0.278377416,0.2908232,0.2908232,0.284600308,0.284600308,0.284600308,0.355188092,0.155573918,0.344877309,0.215850932,0.049783783,0.059117959,0.037337676,0.062229567,0.052895067,0.112007499,0.230432041,0.246474648,0.241432909,0.257833929,0.275502323,0.0
84,Dem. Rep. of Congo,marine_bunkers,MtCO2eq,0.407603795,0.392046404,0.373377728,0.364043228,0.217803486,0.087121459,0.124459135,0.093344351,0.093344351,0.077786959,0.093344351,0.087121459,0.096455959,0.099567243,0.093344351,0.108901743,0.099567243,0.096455959,0.096455959,0.105790459,0.108901743,0.099567243,0.099567243,0.006222892,0.006222892,0.006222892,0.006222892,0.006222892,0.006222892,0.0,0.0,0.0,0.0,0.0,0.0,0.0,0.0,0.0,0.0,0.0,0.0,0.0,0.0,0.0,0.0,0.0,0.0,0.0,0.0,0.0
85,Egypt,marine_bunkers,MtCO2eq,0.059847415,0.148043775,0.522087962,0.729188968,1.110319182,1.441841719,1.836362152,2.230882261,2.562405123,3.275823691,4.099802534,5.57315138,5.506548945,5.641670335,4.834053695,5.162596225,5.394101324,5.29960527,5.386236973,5.386236973,5.417735765,4.488503292,4.771991455,7.74688492,7.92800017,9.735086378,9.592717145,7.100859296,8.622884026,8.787153514,7.284822547,6.989363688,9.188602333,5.872107463,4.628542052,3.449712249,3.162594221,1.549396972,0.984945327,1.400723871,1.233312856,1.128427755,0.789346561,0.52129328,0.575472581,0.168669344,0.290090336,0.249360236,0.230753387,0.0
86,Equatorial Guinea,marine_bunkers,MtCO2eq,,,,,,,,,,,0.0,0.0,0.0,0.0,0.0,0.0,0.0,0.0,0.0,0.0,0.0,0.0,0.0,0.0,0.0,0.0,0.0,0.0,0.0,0.0,0.0,0.0,0.0,0.0,0.0,0.0,0.0,0.0,0.0,0.0,0.0,0.0,0.0,0.0,0.0,0.0,0.0,0.0,0.0,0.0
87,Eritrea,marine_bunkers,MtCO2eq,,,,,,,,,,,,,,,,,,,,,,0.709417456,0.488502363,0.659633673,0.429384079,0.463610471,0.230249593,0.0,0.0,0.0,0.024891892,0.0,0.0,0.0,0.0,0.0,0.0,0.0,0.0,0.0,0.0,0.0,0.0,0.0,0.0,0.0,0.0,0.0,0.0,0.0
88,Ethiopia,marine_bunkers,MtCO2eq,0.069520128,0.053671348,0.050268999,0.053186132,0.018669,0.052895067,0.037337676,0.031114784,0.0093345,0.0093345,0.012445784,0.012445784,0.031599999,0.031599999,0.031599999,0.040740348,0.012834086,0.012834086,0.012834086,0.02527987,0.025377108,0.018862827,0.012445784,0.015557392,0.028391478,0.028391478,0.015557392,0.0,0.0,0.0,0.0,0.0,0.0,0.0,0.0,0.0,0.0,0.0,0.0,0.0,0.0,0.0,0.0,0.0,0.0,0.0,0.0,0.0,0.0,0.0
89,Gabon,marine_bunkers,MtCO2eq,0.204672483,0.173072483,0.204187267,0.178324634,0.140986958,0.15654435,0.162767242,0.188144349,0.194367241,0.196993633,0.235302051,0.226161702,0.22295318,0.220229875,0.226452767,0.251150507,0.214006983,0.223438396,0.419364685,0.080213348,0.080213348,0.677617454,0.66517167,0.459710879,0.439974223,0.358105549,0.384646915,0.439197943,0.492287162,0.609547121,0.587864075,0.60760042,0.597295488,0.629089639,0.610129574,0.563360161,0.614599592,0.592722071,0.570359658,0.655436854,0.592431006,0.579791071,0.548287985,0.548287985,0.579791071,0.570359658,0.360434172,0.353857019,0.374307641,0.0
90,Ghana,marine_bunkers,MtCO2eq,0.16140298,0.196599803,0.186974239,0.128341171,0.144383779,0.131549693,0.096255956,0.096255956,0.096255956,0.096255956,0.0,0.0,0.0,0.0,0.0,0.0,0.0,0.0,0.0,0.0,0.0,0.0,0.0,0.0,0.0,0.0,0.0,0.0,0.154009343,0.160426386,0.109090042,0.109090042,0.109090042,0.060962219,0.118715607,0.12513265,0.141175257,0.182886347,0.237431213,0.308018997,0.263099385,0.259890864,0.166843429,0.035293737,0.032085215,0.006417043,0.285238246,0.033047896,0.11053701,0.0
91,Kenya,marine_bunkers,MtCO2eq,1.488343337,1.411138507,1.435054115,1.320026394,1.065473214,0.499674636,0.626851549,0.687916533,0.813831315,0.566568683,0.625589728,0.651069925,0.374639224,0.50065123,0.453591076,0.49481664,0.529139945,0.572603599,0.494234187,0.556755143,0.466522076,0.437062943,0.518543949,0.42734014,0.171519612,0.171616526,0.177936655,0.231025874,0.32466129,0.212259961,0.362096203,0.149836242,0.208760374,0.267684183,0.217803486,0.211580594,0.255141485,0.211580594,0.211677831,0.121541678,0.196314266,0.193008831,0.118527307,0.124750199,0.130973415,0.137196307,0.14378782,0.152873851,0.161074807,0.0
92,Libya,marine_bunkers,MtCO2eq,0.0093345,0.006222892,0.006222892,0.006222892,0.0093345,0.015557392,0.021780284,0.037337676,0.012445784,0.018669,0.037337676,0.006222892,0.052895067,0.024891892,0.037337676,0.046672175,0.062229567,0.155573918,0.217803486,0.248918269,0.248918269,0.217803486,0.280033053,0.248918269,0.280033053,0.908552266,0.899217766,0.973893117,0.802761807,0.868102982,0.843211091,0.843211091,0.94900155,1.09212936,1.157470535,1.235257494,1.275706778,1.247703602,1.135690251,1.166805035,0.258252769,1.113909968,0.74986674,0.295590445,0.258252769,0.264475661,0.683545612,0.873143386,0.905655509,0.0
93,Mauritius,marine_bunkers,MtCO2eq,0.054253801,0.051142193,0.057365085,0.111522283,0.114633567,0.117745175,0.165678847,0.171901739,0.175013347,0.165678847,0.171901739,0.162567563,0.22916991,0.175013347,0.218477001,0.210695696,0.317165198,0.273313241,0.280409651,0.190376587,0.206225368,0.218962216,0.24424241,0.266313759,0.26952228,0.285468285,0.310748155,0.387364369,0.537679975,0.693830495,0.640644363,0.529995584,0.423337783,0.461354825,0.604282957,0.543903191,0.615078956,0.674100002,0.685769505,0.745275767,0.896476905,0.83765001,0.851163139,0.907460879,0.891806574,1.060214578,1.463489237,1.814174525,2.06107682,0.0
94,Morocco,marine_bunkers,MtCO2eq,0.242398461,0.185712418,0.323879157,0.132429063,0.177736652,0.206419195,0.20758994,0.164126286,0.186003807,0.214395285,0.123385938,0.100925977,0.060573607,0.04472515,0.038308107,0.038502258,0.04171078,0.038502258,0.064073827,0.064073827,0.041613866,0.044822388,0.044919301,0.04171078,0.038502258,0.04171078,0.048127823,0.044919301,0.051336344,0.048127823,0.051336344,0.048127823,0.032085215,0.073796305,0.073796305,0.073796305,0.073796305,0.073796305,0.073796305,0.428505033,0.428505033,0.428505033,0.428505033,0.428505033,0.428467769,0.428467769,0.4293262,0.4293262,0.430905951,0.0
95,Mozambique,marine_bunkers,MtCO2eq,0.764150621,0.520193424,0.652331422,0.625401753,0.356649901,0.336907394,0.255717763,0.215268479,0.205642915,0.267872482,0.282944658,0.282944658,0.329131618,0.32319979,0.096255956,0.080213348,0.096255956,0.089838913,0.080213348,0.089838913,0.028876694,0.009528651,0.006417043,0.006417043,0.009625565,0.009625565,0.006417043,0.003208522,0.003208522,0.003208522,0.009625565,0.016042608,0.141175257,0.134758214,0.009625565,0.009625565,0.0,0.0,0.0,0.0,0.006417043,0.006417043,0.006417043,0.016042608,0.003208522,0.006417043,0.005768948,0.025158135,0.029852094,0.0
96,Namibia,marine_bunkers,MtCO2eq,,,,,,,,,,,,,,,,,,,,,0.0,0.0,0.0,0.0,0.0,0.0,0.0,0.0,0.0,0.0,0.0,0.0,0.0,0.0,0.0,0.0,0.0,0.0,0.0,0.0,0.0,0.0,0.0,0.0,0.0,0.0,0.0,0.0,0.0,0.0
97,Niger,marine_bunkers,MtCO2eq,0.0,0.0,0.0,0.0,0.0,0.0,0.0,0.0,0.0,0.0,0.0,0.0,0.0,0.0,0.0,0.0,0.0,0.0,0.0,0.0,0.0,0.0,0.0,0.0,0.0,0.0,0.0,0.0,0.0,0.0,0.0,0.0,0.0,0.0,0.0,0.0,0.0,0.0,0.0,0.0,0.0,0.0,0.0,0.0,0.0,0.0,0.0,0.0,0.0,0.0
98,Nigeria,marine_bunkers,MtCO2eq,0.015557392,0.018669,0.040934499,0.035196823,0.115021869,0.075839934,0.111813348,0.142442916,0.205157699,0.251829874,0.750637168,0.237242914,0.300442913,0.316000305,0.347115088,1.171834099,0.642117552,0.963376493,1.066055344,0.586887481,1.111169106,1.095126499,1.111169106,1.079083581,1.432021879,1.432021879,1.701053402,1.588457612,2.399439124,1.206357083,1.184382648,1.011601539,1.21578882,1.33830124,1.28803193,1.247194669,1.209468691,1.105819408,1.174951235,1.319438089,1.256626082,1.269169104,1.165519821,1.184382648,1.178062842,0.983307299,0.990546586,1.040255756,1.077634381,0.0
99,Senegal,marine_bunkers,MtCO2eq,3.017021164,2.853665307,3.080323928,2.445873212,2.107492304,1.40606817,1.4295958,1.653216334,0.94314908,0.849804729,0.787575162,1.022391687,0.386291172,0.392714067,0.333693021,0.2802155,0.179974742,0.105299391,0.142637067,0.114051438,0.037434913,0.053768585,0.025377108,0.07049087,0.092950521,0.186094869,0.205345998,0.224597127,0.243848256,0.301601954,0.256682342,0.224597127,0.269516428,0.263099385,0.364598739,0.245216733,0.277482199,0.229084155,0.193592174,0.209724752,0.264575826,0.222631124,0.216177783,0.293039591,0.383842925,0.441690376,0.0,0.657960669,0.625001812,0.0
100,South Africa,marine_bunkers,MtCO2eq,10.92203575,9.005363979,8.641321075,7.935014903,7.222486163,5.436496415,4.630623324,3.753185841,4.064334002,5.308925996,4.686629999,4.686629999,3.753185841,3.442038005,3.442038005,3.130889844,3.130889844,3.725182666,3.295798262,6.015231844,6.609524342,8.551088008,7.83980633,8.600461241,10.41187677,10.18747279,7.933830553,9.312395046,10.33372589,8.601095523,8.796998024,8.039664703,8.461691464,7.635457079,8.608602438,8.158528863,8.3917313,8.294210112,7.193689277,9.826489841,10.15082334,10.37560167,10.63570458,10.8315766,10.96003775,9.308654659,6.321666084,8.54082367,7.728786111,0.0
101,South Sudan,marine_bunkers,MtCO2eq,,,,,,,,,,,,,,,,,,,,,,,,,,,,,,,,,,,,,,,,,,0.0,0.0,0.0,0.0,0.0,0.0,0.0,0.0,0.0
102,Sudan,marine_bunkers,MtCO2eq,0.0,0.0,0.006417043,0.009625565,0.006417043,0.009625565,0.012834086,0.012834086,0.012834086,0.016042608,0.022459651,0.016042608,0.028876694,0.016042608,0.016042608,0.012834086,0.016042608,0.016042608,0.016042608,0.022459651,0.022459651,0.022459651,0.022459651,0.022459651,0.025668172,0.025668172,0.028876694,0.028876694,0.028876694,0.032085215,0.035293737,0.038502258,0.04171078,0.044919301,0.048127823,0.054544866,0.060962219,0.064170741,0.067379262,0.067379262,0.070587784,0.070587784,0.073796305,0.077004827,0.080213348,0.08342187,0.086996167,0.084978043,0.082805729,0.0
103,United Rep. of Tanzania,marine_bunkers,MtCO2eq,0.053380283,0.168311091,0.062714783,0.168408004,0.050171762,0.106178437,0.106275675,0.093344351,0.108901743,0.124459135,0.062229567,0.077786959,0.077786959,0.080898567,0.080898567,0.077786959,0.071564067,0.074675675,0.074675675,0.080995481,0.068549697,0.068549697,0.068549697,0.068549697,0.071660981,0.071660981,0.071660981,0.071660981,0.074772589,0.077884197,0.080995481,0.087218373,0.093441589,0.09966448,0.105887372,0.112110264,0.118333156,0.121347851,0.127570743,0.136905243,0.105790459,0.087121459,0.130682027,0.143128134,0.174242918,0.084009851,0.03889348,0.015625768,0.015625768,0.0
104,Togo,marine_bunkers,MtCO2eq,0.0,0.0,0.0,0.0,0.0,0.0,0.0,0.0,0.0,0.0,0.0,0.0,0.0,0.0,0.0,0.0,0.0,0.0,0.0,0.0,0.0,0.0,0.0,0.0,0.0,0.0,0.0,0.0,0.009625565,0.012834086,0.009625565,0.016042608,0.022459651,0.016042608,0.009625565,0.006417043,0.006417043,0.012834086,0.032085215,0.048127823,0.038502258,0.048127823,0.016042608,0.009625565,0.016042608,0.0,0.060962219,0.0,0.0,0.0
105,Tunisia,marine_bunkers,MtCO2eq,0.060670844,0.054253801,0.05405965,0.050365913,0.022168586,0.053865499,0.122124131,0.037725978,0.003111608,0.022071348,0.069325977,0.038017042,0.022168586,0.015848456,0.012834086,0.006417043,0.0,0.0,0.0,0.068452459,0.090233067,0.077786959,0.059117959,0.059117959,0.060278412,0.060278412,0.057105881,0.057105881,0.057105881,0.060278412,0.05393335,0.05393335,0.05393335,0.05393335,0.05393335,0.05393335,0.057105881,0.117629106,0.028675347,0.038220246,0.038233899,0.038220246,0.038220246,0.047792141,0.009558552,0.006372368,0.023427916,0.031985628,0.030924911,0.0
106,Zambia,marine_bunkers,MtCO2eq,0.0,0.0,0.0,0.0,0.0,0.0,0.0,0.0,0.0,0.0,0.0,0.0,0.0,0.0,0.0,0.0,0.0,0.0,0.0,0.0,0.0,0.0,0.0,0.0,0.0,0.0,0.0,0.0,0.0,0.0,0.0,0.0,0.0,0.0,0.0,0.0,0.0,0.0,0.0,0.0,0.0,0.0,0.0,0.0,0.0,0.0,0.0,0.0,0.0,0.0
107,Zimbabwe,marine_bunkers,MtCO2eq,0.0,0.0,0.0,0.0,0.0,0.0,0.0,0.0,0.0,0.0,0.0,0.0,0.0,0.0,0.0,0.0,0.0,0.0,0.0,0.0,0.0,0.0,0.0,0.0,0.0,0.0,0.0,0.0,0.0,0.0,0.0,0.0,0.0,0.0,0.0,0.0,0.0,0.0,0.0,0.0,0.0,0.0,0.0,0.0,0.0,0.0,0.0,0.0,0.0,0.0
108,Other Africa,marine_bunkers,MtCO2eq,3.228560484,3.137551137,2.841566228,2.185929371,1.882489644,2.164869728,1.912651551,1.77602567,1.853909866,1.580117261,1.625133786,1.624259958,1.662665613,1.768547133,1.721195281,1.756683479,1.624642408,1.670241387,1.690754012,0.883042823,0.826647846,0.656790046,0.675847024,0.691792718,0.723392717,0.681778851,0.739629476,0.848719518,0.964032452,0.967240974,0.970546409,0.786101649,0.759462735,1.025965103,1.057079887,1.100440775,0.859315514,0.92494743,0.838899802,0.808076083,0.846972806,0.884886759,0.891692104,0.897914996,0.904428953,0.951974646,0.969503884,0.938116532,0.938116532,0.0
109,Africa,marine_bunkers,MtCO2eq,22.21374391,19.22264792,19.55632837,18.00010545,16.03539183,13.67152715,13.52600398,12.74223751,14.9063023,16.67045393,17.15760472,17.92028017,16.03455819,15.07921235,14.0215067,14.13030519,13.66952587,14.78373521,15.22263723,16.07130631,16.97548119,19.02677285,18.33294462,22.01772676,23.9874725,26.14412386,23.7030109,22.37016671,26.16086365,23.76895457,22.25948434,20.65879214,23.91178529,20.92971784,20.86862505,19.1253983,19.6759278,17.81252306,15.258669,19.0505972,18.13944368,19.7561909,18.65136375,18.62137594,18.98344122,16.58553913,14.20306556,17.21048587,16.1976437,0.0
110,Bangladesh,marine_bunkers,MtCO2eq,0.065438089,0.065438089,0.096843937,0.053186132,0.053380283,0.053574434,0.069422891,0.101313955,0.085562736,0.188241587,0.235399288,0.141472174,0.078951542,0.107051955,0.069325977,0.037822891,0.031599999,0.031599999,0.031599999,0.062714783,0.068937675,0.046672175,0.080898567,0.084009851,0.112013351,0.118236243,0.124459135,0.130682027,0.136905243,0.143128134,0.149351026,0.155573918,0.16179681,0.17113131,0.183577418,0.196023202,0.20846931,0.220915094,0.233360877,0.245806985,0.261364377,0.276921769,0.292479161,0.311148161,0.332928444,0.357820336,0.383882078,0.414069407,0.447825914,0.0
111,Brunei Darussalam,marine_bunkers,MtCO2eq,0.0,0.003111608,0.0,0.0,0.0,0.0,0.0,0.0,0.003111608,0.003111608,0.0,0.003111608,0.003111608,0.0,0.0,0.211580594,0.217803486,0.099567243,0.102678851,0.115124635,0.149351026,0.155573918,0.164908418,0.214692202,0.211580594,0.186688702,0.186688702,0.186688702,0.186688702,0.224026702,0.233360877,0.217803486,0.239584093,0.276921769,0.273810161,0.329816836,0.301813661,0.283144661,0.261364377,0.283144661,0.304924945,0.205357702,0.248918269,0.224026702,0.287129463,0.0,0.0,0.0,0.0,0.0
112,Cambodia,marine_bunkers,MtCO2eq,,,,,,,,,,,,,,,,,,,,,,,,,0.0,0.0,0.0,0.0,0.0,0.0,0.0,0.0,0.0,0.0,0.0,0.0,0.0,0.0,0.0,0.0,0.0,0.0,0.0,0.0,0.0,0.0,0.0,0.0,0.0,0.0
113,DPR of Korea,marine_bunkers,MtCO2eq,0.0,0.0,0.0,0.0,0.0,0.0,0.0,0.0,0.0,0.0,0.0,0.0,0.0,0.0,0.0,0.0,0.0,0.0,0.0,0.0,0.0,0.0,0.0,0.0,0.0,0.0,0.0,0.0,0.0,0.0,0.0,0.0,0.0,0.0,0.0,0.0,0.0,0.0,0.0,0.0,0.0,0.0,0.0,0.0,0.0,0.0,0.0,0.0,0.0,0.0
114,India,marine_bunkers,MtCO2eq,0.718163651,0.550240862,0.731094974,0.428699184,0.577073617,0.68149949,0.819472078,0.576291485,0.671479461,0.728656882,0.423343635,0.447362008,0.628021969,0.639497336,0.343227524,0.383094354,0.71475545,0.871493951,0.737506166,1.370532629,1.381638288,1.448981916,1.512700407,1.586403338,1.703719013,1.805961664,1.858395861,1.956802391,2.115130551,2.193277905,2.25358298,2.326620984,2.537585344,2.794216592,3.088502066,3.360897792,3.798142692,3.889750702,4.356523641,4.272426026,4.129950274,4.021441098,4.102700898,4.301924932,4.484447725,4.810209747,5.002332003,5.168300784,5.221929992,0.0
115,Indonesia,marine_bunkers,MtCO2eq,0.708046708,0.918463043,1.336468684,1.05624148,1.098637789,0.511926593,1.168934197,0.857591886,0.728177518,0.796824128,0.734594561,0.688892817,0.466807289,0.836011915,0.685787061,0.503660072,0.545964685,0.743146928,0.784184193,1.700876806,0.773491283,0.79157752,0.757351128,0.632891993,1.296316951,0.260582245,0.857209759,0.914963457,0.463792918,0.363255244,0.275551021,0.33797474,0.876455037,0.419358833,0.428984397,0.451055746,0.479447224,0.507838701,0.529910374,0.564621981,0.599333265,0.634044872,0.668756466,0.703468073,0.738179681,0.776002572,0.815345317,0.857498566,0.900585501,0.0
116,Lao People's Democratic Republic,marine_bunkers,MtCO2eq,,,,,,,,,,,,,,,,,,,,,,,,,,,,,,0.0,0.0,0.0,0.0,0.0,0.0,0.0,0.0,0.0,0.0,0.0,0.0,0.0,0.0,0.0,0.0,0.0,0.0,0.0,0.0,0.0
117,Malaysia,marine_bunkers,MtCO2eq,0.10929839,0.08679578,0.073937146,0.122034594,0.221682548,0.10600395,0.176750662,0.157204083,0.227820733,0.186103816,0.099474933,0.131621518,0.189499464,0.189474916,0.31461984,0.234547319,0.302110071,0.202492479,0.21848599,0.295240812,0.356208858,0.243780219,0.20713991,0.795589468,0.538183712,0.602216359,0.542028279,1.447013547,1.32446891,0.70038901,0.489936708,0.281833885,0.231548014,0.275171171,0.193563443,0.281765892,0.223410313,0.207368727,0.14919088,0.190253518,0.651172339,0.179751422,1.130533024,0.671202715,1.124108568,0.963566755,1.25184993,1.342661931,1.400801241,0.0
118,Mongolia,marine_bunkers,MtCO2eq,,,,,,,,,,,,,,,0.0,0.0,0.0,0.0,0.0,0.0,0.0,0.0,0.0,0.0,0.0,0.0,0.0,0.0,0.0,0.0,0.0,0.0,0.0,0.0,0.0,0.0,0.0,0.0,0.0,0.0,0.0,0.0,0.0,0.0,0.0,0.0,0.0,0.0,0.0,0.0
119,Myanmar,marine_bunkers,MtCO2eq,0.006417043,0.0,0.003111608,0.003111608,0.003111608,0.0,0.0,0.0,0.0,0.0,0.0,0.0,0.0,0.0,0.0,0.0,0.0,0.0,0.0,0.0,0.0,0.085465498,0.003208522,0.015751543,0.009625565,0.016042608,0.012834086,0.006417043,0.003208522,0.006417043,0.009625565,0.006417043,0.009625565,0.009625565,0.009625565,0.009625565,0.009625565,0.009625565,0.009625565,0.009625565,0.009625565,0.006417043,0.006417043,0.006417043,0.006417043,0.003208522,0.003410799,0.003641619,0.003747412,0.0
120,Nepal,marine_bunkers,MtCO2eq,0.0,0.0,0.0,0.0,0.0,0.0,0.0,0.0,0.0,0.0,0.0,0.0,0.0,0.0,0.0,0.0,0.0,0.0,0.0,0.0,0.0,0.0,0.0,0.0,0.0,0.0,0.0,0.0,0.0,0.0,0.0,0.0,0.0,0.0,0.0,0.0,0.0,0.0,0.0,0.0,0.0,0.0,0.0,0.0,0.0,0.0,0.0,0.0,0.0,0.0
121,Pakistan,marine_bunkers,MtCO2eq,0.291601701,0.291601701,0.500866325,0.808802262,0.216526907,0.172664053,0.343142665,0.25774714,0.617016288,0.473129631,0.358436522,0.174890198,0.15243842,0.145904726,0.079277982,0.041636709,0.031836168,0.047545852,0.069893592,0.107847302,0.057346393,0.041324595,0.047754251,0.054079546,0.047858289,0.057242355,0.047754251,0.051021098,0.054079546,0.079694133,0.041324595,0.136167196,0.047754251,0.201649201,0.255520995,0.327641056,0.418737648,0.54162938,0.737618541,0.559773609,0.317215964,0.295076624,0.304356652,0.206102139,0.16182281,0.152750534,0.123178992,0.104398672,0.105429811,0.0
122,Philippines,marine_bunkers,MtCO2eq,1.308633694,1.003877229,0.828936109,0.272551345,0.449774081,0.48172166,0.691373319,0.590645472,0.631559754,0.593827401,0.428753607,0.524532359,0.598037933,0.539189299,0.498274383,0.479182811,0.46320886,0.419176957,0.400085385,0.208655864,0.116830414,0.20534532,0.189435676,0.300288391,0.356919716,0.537774537,0.483296226,0.575507201,0.792358397,0.680412771,0.691018335,0.69844424,0.586755845,0.433735822,0.383660968,0.410819255,0.77011834,0.846291379,0.634260662,0.586532057,0.685749969,0.584378732,0.52366518,0.28807514,0.085268669,0.161891865,0.310487933,0.26565842,0.173124143,0.0
123,Singapore,marine_bunkers,MtCO2eq,8.979678251,14.80063977,13.68012478,12.32556923,10.53715927,12.9965755,12.96165219,15.24925189,15.90353619,15.11342017,15.5914176,16.65038824,15.92084615,15.79453721,15.29505024,26.08815684,26.09661496,30.89235872,30.22988097,34.22539177,32.39407102,39.92793491,35.67227997,35.83264167,35.64839107,42.54048995,49.51659838,52.27354038,58.95123846,58.18312613,63.51166229,62.71657902,64.8924593,73.47450336,79.4274383,88.45257435,98.30255527,108.8529958,113.3722177,127.2690578,134.4226472,132.9548285,132.9377303,132.1070739,140.6659995,151.4578268,157.7502949,155.1696562,148.059169,0.0
124,Sri Lanka,marine_bunkers,MtCO2eq,1.20131664,1.202383985,1.352220227,1.091050001,1.304862832,1.26236961,1.399274853,1.058958934,1.201310788,1.115650828,0.728662733,0.729250715,0.658171863,1.045451333,1.023962113,1.229513966,1.284356059,1.129073205,0.974857697,1.221635114,0.975149086,0.950451021,1.100287587,1.099409702,1.096805673,1.246231768,0.874499722,0.824749405,0.740053993,0.508138634,0.493158592,0.506434056,0.36490118,0.380943264,0.540305514,0.438434548,0.543644822,0.633465889,0.578823303,0.655533078,0.596009818,0.887856643,1.017492505,1.360081192,1.299566697,1.925514986,1.830780739,1.957757802,1.958712106,0.0
125,Chinese Taipei,marine_bunkers,MtCO2eq,0.398276736,0.790077173,1.298446654,0.362658487,0.33675422,0.764173217,0.637890191,1.793864156,0.631414202,0.676471297,0.442714473,0.741273606,1.354319927,1.677550822,1.6544397,2.668126371,2.960288453,3.799046719,5.24118989,4.941844741,4.679965131,6.427445947,6.126813655,6.742194605,7.692881444,7.473374096,8.890220171,9.835372476,12.78299907,11.61136183,8.370393181,8.111261269,9.977226287,8.055039698,7.904340093,7.80095075,6.974586139,6.011765534,5.314002019,5.744896154,5.25888194,3.812732365,3.950810683,3.788727311,3.546293908,4.186922795,3.910315667,3.793555297,4.183185834,0.0
126,Thailand,marine_bunkers,MtCO2eq,0.212556289,0.212005937,0.280629159,0.24747306,0.256745576,0.282665013,0.081858104,0.402742597,0.428937203,0.507521021,0.497698166,0.648701731,0.89438633,0.923167129,0.657011296,0.960010113,1.218791854,1.182086299,1.595861773,1.718388443,1.887277374,2.1891755,2.385222609,2.970583156,3.054230354,2.468841707,2.634897362,1.848948565,2.751287427,2.487855851,2.58267368,3.00423679,3.808098728,4.573741187,5.233945553,5.31118161,5.199332052,5.234689846,4.796892725,4.466185701,3.36273666,2.481941933,2.501587969,3.333267444,3.775302112,3.991407856,3.813909772,4.555761253,3.832380124,0.0
127,Viet Nam,marine_bunkers,MtCO2eq,0.0,0.0,0.0,0.0,0.0,0.0,0.0,0.0,0.0,0.0,0.0,0.0,0.0,0.0,0.070650871,0.083496543,0.083496543,0.077073707,0.109187562,0.086707961,0.099553632,0.11239898,0.147724578,0.160570249,0.224798284,0.228009702,0.211952613,0.279392066,0.346831518,0.462442241,0.513824604,0.565206967,0.700085873,0.793216669,0.796428087,0.873501794,0.892770302,0.899192814,0.931306993,1.027649208,0.757891072,0.513824604,0.340408683,0.600532564,0.87992463,0.568418385,0.562637833,0.575483504,0.588329176,0.0
128,Other Asia,marine_bunkers,MtCO2eq,0.572979874,0.500639526,0.596901024,0.600207093,0.537006784,0.43150739,0.345556676,0.46738389,0.461354825,0.467189739,0.380753499,0.39057289,0.304525263,0.285662112,0.200487368,0.264949173,0.24258676,0.198152364,0.210403997,0.210307083,0.229558523,0.229558523,0.200681519,0.290229367,0.299757694,0.302966216,0.306174737,0.299951845,0.306271975,0.450461602,0.498395584,0.517646713,0.591151644,0.870197033,0.767329883,0.751190362,0.952412915,0.795298728,0.747066917,0.668697829,0.652557984,0.607333834,0.604028399,0.66489307,0.65246107,0.703492566,0.686804376,0.749386374,0.749386374,0.0
129,Asia (excl. China),marine_bunkers,MtCO2eq,14.57240707,20.4252747,20.77958063,17.37158447,15.59271551,17.74468091,18.69532782,21.51299549,21.59128131,20.85014811,19.92124902,21.27206986,21.24911776,22.18349876,20.89211436,33.18577776,34.19341335,39.69281442,40.70581607,46.26526794,43.16937871,52.85568604,48.5964068,50.77933509,52.29308171,57.84465816,66.54700929,70.6310502,80.95531522,78.09398723,80.11385903,79.5822003,85.02502797,92.72945148,99.48703244,108.9954788,119.0750663,128.9339728,132.6521646,146.5442042,152.0100614,147.4619072,148.6298852,148.5669404,158.0398503,170.0590337,176.4452303,174.9578299,167.6246066,0.0
130,People's Rep. of China,marine_bunkers,MtCO2eq,2.408285421,2.458069205,2.610531839,2.663426907,2.819000825,2.8750075,3.033693026,3.092810986,3.25460812,3.316837687,3.481746106,3.547087281,3.715106983,3.783559766,3.954691076,4.026255143,4.200498062,4.275173413,4.452527939,4.338236335,6.103315332,9.921933949,8.0577522,8.758842267,8.956198969,10.22512396,6.611087943,7.334185871,7.445422501,9.578261943,10.15146428,11.25383816,11.43896563,14.51062428,16.30885887,18.85931674,22.03566387,22.22342268,23.09354051,27.91583308,29.47958794,28.76062635,24.96284872,23.15410382,29.84166203,31.2823848,32.90769185,35.17554499,33.96903683,0.0
131,"Hong Kong, China",marine_bunkers,MtCO2eq,1.997307182,3.403729157,3.668270527,2.482697937,1.717273805,2.333116921,1.850870313,1.713932208,3.046963432,2.884149371,2.656364554,3.073148161,3.11242701,1.003037792,3.1389687,2.629462334,2.862132141,3.367556791,4.292321774,4.570025985,3.906407201,4.785500319,4.935336562,5.352263153,7.240004947,7.465984526,6.748802996,8.999135357,11.28044164,10.7255099,11.87913382,15.72951362,17.03462688,24.30891418,17.98192522,23.05011138,26.26828458,21.71674247,32.68638012,38.99567612,29.28607033,26.54572986,27.65119053,24.18186682,27.47555677,28.62834826,34.36854274,34.84369754,30.79677551,0.0
132,"China (incl. Hong Kong, China)",marine_bunkers,MtCO2eq,4.405592603,5.861798362,6.278802366,5.146124844,4.53627463,5.208124421,4.884563339,4.806743194,6.301571552,6.200987058,6.13811066,6.620235442,6.827533993,4.786597558,7.093659776,6.655717477,7.062630203,7.642730204,8.744849713,8.90826232,10.00972253,14.70743427,12.99308876,14.11110542,16.19620392,17.69110849,13.35989094,16.33332123,18.72586414,20.30377185,22.0305981,26.98335178,28.4735925,38.81953845,34.29078409,41.90942812,48.30394845,43.94016516,55.77992062,66.9115092,58.76565827,55.3063562,52.61403925,47.33597063,57.3172188,59.91073306,67.27623459,70.01924253,64.76581234,0.0
133,Argentina,marine_bunkers,MtCO2eq,0.891412419,0.656607599,0.469439533,0.370363033,0.376489012,0.601771358,1.108348563,1.145589325,1.280741693,1.377876695,1.459940155,1.812410793,2.225358435,2.147474238,2.067934405,1.429684217,2.02000796,1.784612982,2.701748618,2.248552412,1.508852432,1.534588023,1.21130393,1.192237672,1.522305101,1.573072552,1.91835969,1.598387979,1.645865981,1.49362046,1.858382108,1.7759816,1.877691739,1.639830987,2.217826592,2.367100455,2.858604709,3.055311356,3.029989354,3.798477294,4.364286041,5.463334723,5.666426516,4.971421592,2.90783338,2.215827142,2.547317815,2.304625391,1.449852421,0.0
134,Bolivia,marine_bunkers,MtCO2eq,0.0,0.0,0.0,0.0,0.0,0.0,0.0,0.0,0.0,0.0,0.0,0.0,0.0,0.0,0.0,0.0,0.0,0.0,0.0,0.0,0.0,0.0,0.0,0.0,0.0,0.0,0.0,0.0,0.0,0.0,0.0,0.0,0.0,0.0,0.0,0.0,0.0,0.0,0.0,0.0,0.0,0.0,0.0,0.0,0.0,0.0,0.0,0.0,0.0,0.0
135,Brazil,marine_bunkers,MtCO2eq,1.007399451,1.048465808,1.0895328,1.133742833,1.177952866,1.225305955,1.272659354,1.326367122,1.380074579,1.43371471,1.48962117,1.549578751,1.592258348,1.654544016,1.72958428,1.809598659,1.866540745,1.945157275,2.020195799,1.734064659,2.444171645,2.63746817,3.304761575,3.836119551,3.674470034,4.222652241,5.37159851,5.328386236,8.213972548,9.251977978,10.42124245,11.44405822,10.05917826,10.16166452,11.03620331,10.60547991,11.4113672,14.32312674,11.87191224,12.74399238,13.66810269,12.1535802,10.86232144,11.124897,13.27224335,10.94055225,10.78562724,9.254869824,10.70544572,0.0
136,Colombia,marine_bunkers,MtCO2eq,0.958218915,0.990160371,0.798516118,0.798516118,0.495080196,0.389674901,0.332181065,0.271494465,0.514239928,0.313013249,0.233163348,0.242747554,0.249131555,0.194831941,0.22357826,0.191636501,0.306624504,0.143725957,0.153308361,0.332164075,0.380074619,0.456732369,0.380071634,0.472694332,0.584484782,0.603644254,0.654749604,0.641972386,0.549347618,0.747374393,1.079541454,0.811257306,0.945404125,1.245634785,1.149801791,1.523502534,1.450036323,1.539466869,1.577788446,2.044133321,2.293246999,3.93822133,1.044471899,0.597285559,0.945435121,1.050840979,0.839351888,0.425092351,0.413057206,0.0
137,Costa Rica,marine_bunkers,MtCO2eq,0.099567243,0.024891892,0.0,0.0,0.0,0.0,0.0,0.0,0.0,0.127570743,0.158685526,0.096455959,0.112013351,0.108901743,0.143128134,0.345374228,0.230249593,0.295590445,0.448053079,0.242695377,0.18046581,0.186688702,0.273810161,0.152462634,0.37026612,0.404492512,0.261364377,0.37960062,0.401380904,0.342262944,0.398269296,0.53206293,0.18046581,0.336039728,0.357820336,0.280033053,0.357820336,0.227137985,0.099567243,0.090233067,0.080898567,0.024891892,0.012445784,0.003111608,0.003111608,0.0,0.0,0.0,0.0,0.0
138,Cuba,marine_bunkers,MtCO2eq,0.0,0.0,0.0,0.0,0.0,0.0,0.0,0.0,0.0,0.0,0.0,0.0,0.0,0.0,0.124188584,0.124188584,0.058989701,0.065198882,0.058989701,0.055884801,0.049675309,0.046570719,0.037256637,0.037256637,0.040361228,0.044769144,0.044769144,0.044769144,0.047966807,0.05116447,0.05116447,0.054362444,0.054362444,0.057560107,0.063955743,0.073549042,0.079944679,0.083142342,1.518176282,2.41002772,1.898188297,2.262499701,2.102411182,2.033328429,1.998845225,1.323777158,1.421278303,1.314080756,1.218452957,0.0
139,CuraÃ§ao,marine_bunkers,MtCO2eq,7.788793351,6.575898269,7.208105044,7.323326916,7.415409771,7.637683598,7.047472816,7.046302382,7.327100335,7.350056582,7.031509567,7.025092524,6.558370445,6.086795912,6.194242007,5.228712958,4.992925368,4.992925368,5.153351754,5.231138713,5.39156541,5.39156541,5.299106281,5.353263154,5.372126305,5.38476624,5.615889028,5.837677639,6.112555456,6.356221265,6.478054331,6.484277223,6.506154744,6.649865008,6.787255466,7.015266956,7.293256394,7.427535244,7.137100023,7.265155981,7.355777026,4.969483271,5.010126706,5.100748061,5.050770141,5.000792206,5.006224315,4.99264338,5.022522773,0.0
140,Dominican Republic,marine_bunkers,MtCO2eq,0.0,0.0,0.0,0.0,0.0,0.0,0.0,0.0,0.0,0.0,0.0,0.0,0.0,0.0,0.0,0.0,0.0,0.0,0.0,0.0,0.0,0.0,0.0,0.0,0.0,0.0,0.0,0.0,0.0,0.0,0.0,0.0,0.0,0.0,0.0,0.0,0.0,0.0,0.0,0.0,0.0,0.0,0.0,0.0,0.0,0.0,0.0,0.0,0.0,0.0
141,Ecuador,marine_bunkers,MtCO2eq,0.280033053,0.228593633,0.312603484,0.0,0.0,0.0,0.0,0.022459651,0.30317207,0.346829876,0.149933156,0.199425874,0.056394654,0.137778436,0.115707088,0.134569915,0.340509746,0.311148161,0.432495687,0.499486661,0.357905546,0.634724549,1.383129156,1.117974128,0.995673725,1.319267669,1.599300722,0.404492512,0.404492512,1.328601845,1.070349076,1.701979573,1.913560167,2.218485111,2.097137585,2.027126079,2.105495801,2.147400408,2.089938409,1.797362011,2.037334407,1.698867965,1.364380798,1.488355041,1.177497945,1.053815401,1.188892658,2.197793582,1.810713533,0.0
142,El Salvador,marine_bunkers,MtCO2eq,0.0,0.0,0.0,0.0,0.0,0.0,0.0,0.0,0.0,0.0,0.0,0.0,0.0,0.0,0.0,0.0,0.0,0.0,0.0,0.0,0.0,0.0,0.0,0.0,0.0,0.0,0.0,0.0,0.0,0.0,0.0,0.0,0.0,0.0,0.0,0.0,0.0,0.0,0.0,0.0,0.0,0.0,0.0,0.0,0.0,0.0,0.0,0.0,0.0,0.0
143,Guatemala,marine_bunkers,MtCO2eq,0.181818692,0.209724954,0.206613346,0.206613346,0.270298871,0.302869302,0.38308265,0.37783019,0.37783019,0.406318581,0.416138297,0.462810473,0.401066121,0.385023513,0.385023513,0.368980906,0.385023513,0.401066121,0.417109039,0.429943125,0.445985733,0.468445383,0.487696512,0.506947642,0.532616124,0.548658732,0.571118382,0.599995076,0.622454727,0.644914377,0.660957295,0.686625467,0.702668075,0.709085118,0.757212941,0.763630294,0.798924031,0.757212941,0.766838816,0.824592203,0.879137069,0.898388508,0.985018589,1.158279372,1.264160893,1.276994979,1.319764614,1.305451295,1.352908685,0.0
144,Guyana,marine_bunkers,MtCO2eq,0.0,0.0,0.0,0.0,0.0,0.0,0.0,0.0,0.0,0.0,0.0,0.0,0.0,0.0,0.0,0.0,0.0,0.0,0.0,0.0,0.0,0.0,0.0,0.0,0.0,0.0,0.0,0.0,0.0,0.0,0.0,0.0,0.0,0.0,0.0,0.0,0.0,0.0,0.0,0.0,0.0,0.0,0.0,0.0,0.0,0.0,0.0,0.0,0.0,0.0
145,Haiti,marine_bunkers,MtCO2eq,0.0,0.0,0.0,0.0,0.0,0.0,0.0,0.0,0.0,0.0,0.0,0.0,0.0,0.0,0.0,0.0,0.0,0.0,0.0,0.0,0.0,0.0,0.0,0.0,0.0,0.0,0.0,0.0,0.0,0.0,0.0,0.0,0.0,0.0,0.0,0.0,0.0,0.0,0.0,0.0,0.0,0.0,0.0,0.0,0.0,0.0,0.0,0.0,0.0,0.0
146,Honduras,marine_bunkers,MtCO2eq,0.0,0.0,0.0,0.0,0.0,0.0,0.0,0.0,0.0,0.0,0.0,0.0,0.0,0.0,0.0,0.0,0.0,0.0,0.0,0.0,0.0,0.0,0.0,0.0,0.0,0.0,0.0,0.0,0.0,0.0,0.0,0.0,0.0,0.0,0.0,0.0,0.0,0.0,0.0,0.003111608,0.003111608,0.003111608,0.0,0.0,0.018669,0.108901743,0.219879079,0.228009378,0.23405177,0.0
147,Jamaica,marine_bunkers,MtCO2eq,0.270698877,0.276921769,0.376489012,0.401380904,0.37026612,0.357426182,0.188727113,0.117065808,0.17113131,0.107439933,0.135928959,0.126303394,0.097523304,0.04112865,0.038113956,0.06640852,0.066602672,0.066602672,0.085562736,0.088771258,0.091882541,0.095091063,0.101411503,0.104620024,0.104620024,0.104620024,0.104620024,0.104620024,0.104620024,0.104620024,0.104620024,0.166946505,0.166946505,0.160820851,0.263499702,0.247941986,0.238704723,0.646308519,0.307060269,0.272833877,0.313283161,0.12960883,0.677132238,0.62705708,0.860321043,0.902129371,1.013956475,0.853256624,1.084071672,0.0
148,Nicaragua,marine_bunkers,MtCO2eq,0.0,0.0,0.0,0.0,0.0,0.0,0.0,0.0,0.0,0.0,0.0,0.0,0.0,0.0,0.0,0.0,0.0,0.0,0.0,0.0,0.0,0.0,0.0,0.0,0.0,0.0,0.0,0.0,0.0,0.0,0.0,0.0,0.0,0.0,0.0,0.0,0.0,0.0,0.0,0.0,0.0,0.0,0.0,0.0,0.0,0.0,0.0,0.0,0.0,0.0
149,Panama,marine_bunkers,MtCO2eq,1.696824026,1.852495182,2.008166014,2.780298253,3.399871255,3.555542411,3.091640875,3.555542411,3.863773115,3.091640875,3.708101959,3.708101959,3.552430803,3.860661507,4.016332662,4.324563042,4.480234198,4.324563042,4.632793746,4.94102445,5.408134507,5.850158845,6.177252375,6.35800925,6.41878317,6.677036263,7.132185752,7.645579682,7.941170451,8.149542523,8.430437391,8.430437391,8.430437391,8.408657107,7.371175688,8.315215518,7.109520247,10.25220577,8.480027023,9.559316445,10.55946604,10.63045383,10.35848175,9.96158257,11.59614777,12.50352929,14.45649276,11.02660721,12.37461614,0.0
150,Paraguay,marine_bunkers,MtCO2eq,0.0,0.0,0.0,0.0,0.0,0.0,0.0,0.0,0.0,0.0,0.0,0.0,0.0,0.0,0.0,0.0,0.0,0.0,0.0,0.0,0.0,0.0,0.0,0.0,0.0,0.0,0.0,0.0,0.0,0.0,0.0,0.0,0.0,0.0,0.0,0.0,0.0,0.0,0.0,0.0,0.0,0.0,0.0,0.0,0.0,0.0,0.0,0.0,0.0,0.0
151,Peru,marine_bunkers,MtCO2eq,0.065341175,0.068452459,0.071564067,0.077786959,0.080898567,0.080898567,0.080898567,0.077786959,0.080898567,0.087121459,0.093344351,0.093344351,0.084009851,0.087121459,0.090233067,0.099567243,0.108901743,0.099567243,0.087121459,0.084009851,0.087121459,0.090233067,0.093344351,0.112013351,0.118236243,0.127570743,0.143128134,0.152462634,0.164908418,0.177354202,0.18980031,0.202246094,0.217803486,0.248918269,0.286256269,0.289367553,0.308036553,0.339151336,0.323593944,0.342262944,0.535174538,0.672079781,0.563178038,0.563178038,0.35159712,0.454275971,1.462695524,1.5758677,1.362447406,0.0
152,Suriname,marine_bunkers,MtCO2eq,,,,,,,,,,,,,,,,,,,,,,,,,,,,,,0.0,0.0,0.0,0.0,0.0,0.0,0.0,0.0,0.0,0.0,0.0,0.0,0.0,0.0,0.0,0.0,0.0,0.0,0.0,0.0,0.0
153,Trinidad and Tobago,marine_bunkers,MtCO2eq,5.176582467,5.399347038,5.177370452,5.044832461,3.57924015,3.691550417,3.460524544,3.142347965,2.578816736,1.437103906,1.171657503,1.465792301,1.436818693,0.524960992,0.310365704,0.084592304,0.275648259,0.172878022,0.125817868,0.110066325,0.094314783,0.116289217,0.166073001,0.162961393,0.162961393,0.047836758,0.05405965,0.032085215,1.107833777,1.207298255,1.272154214,1.913610279,1.954544778,2.247897133,1.488107912,1.4655572,1.478197135,1.387187788,1.403133482,1.075469201,1.182715308,1.369907091,1.659851246,1.391208011,1.575246927,1.992647031,1.635748855,1.323726588,0.197135705,0.0
154,Uruguay,marine_bunkers,MtCO2eq,0.265151458,0.287298041,0.309281344,0.151548375,0.18942383,0.167510689,0.208583197,0.249772103,0.253016039,0.243587834,0.53613767,0.230659618,0.284124267,0.363072229,0.341345324,0.250191781,0.313387902,0.307226913,0.28510361,0.373456498,0.452334622,0.647872882,0.985179197,0.592027256,1.221722725,0.956781106,0.893104618,0.838339568,0.889542938,0.909004852,1.086912017,1.040824924,0.994774404,1.062876932,1.115348817,0.780390307,1.042479872,1.411546063,1.607261515,1.432941045,1.186296186,0.894304895,0.727749776,0.673000771,0.557124684,0.462364532,0.328210478,0.454383478,0.497902172,0.0
155,Venezuela,marine_bunkers,MtCO2eq,9.227109255,8.758006611,9.806733506,8.473237132,4.871565268,2.988653067,3.16299132,2.89158598,3.337178407,2.010382587,2.295184331,2.05398336,1.688771314,1.812752159,1.782587427,1.45758876,1.534604915,2.626902354,2.429225563,2.526417641,3.116146621,2.827992093,2.747607332,2.553211421,2.321945522,2.28508932,2.047236119,1.698759811,4.600308748,4.804618583,4.054125095,4.670649255,1.752429745,2.234901556,1.852831125,2.174484057,2.573227716,1.859578366,1.440804624,1.132432499,1.149302002,1.065562422,0.931520867,0.857869248,0.804252092,0.666858387,0.562355835,0.45201601,0.293809739,0.0
156,Other Non-OECD Americas,marine_bunkers,MtCO2eq,3.254075779,3.269342106,3.691150735,3.276153303,2.213591694,3.387686966,2.969875477,2.842304734,2.395621769,2.822574241,2.670790974,2.480602686,2.282061709,1.536179771,1.885739439,1.341036249,1.107481221,0.925650515,0.826568488,0.871488099,0.85223697,0.830262225,0.759480601,0.766188708,0.718157799,0.737312015,0.759577514,0.759480601,0.771926384,0.8004151,0.797303492,0.768912014,0.838432142,0.635027318,0.644361494,0.638138602,0.628998253,0.597883469,0.545085315,0.540800649,0.433271968,1.779554826,1.804640868,1.811057911,1.696127104,1.509438402,1.64312469,1.589883358,1.589883358,0.0
157,Non-OECD Americas,marine_bunkers,MtCO2eq,30.20480725,28.65604536,30.72704934,29.23928352,23.9450074,23.99689851,22.97480448,22.79495463,23.34935481,20.84221802,21.31697362,21.30456204,20.3712013,18.74639463,19.22452559,17.06505737,17.78110754,18.31909,19.70413715,19.43699987,20.48079339,21.35795035,23.02741261,22.84529282,23.57424551,24.43392532,26.51631166,25.42463674,33.02899968,35.62161688,36.87377157,39.87297391,35.64944969,36.77162974,36.33899298,37.04328101,38.28457764,44.51472832,40.62048854,43.28900892,45.6463449,44.01562954,42.7256858,41.76509474,43.13394829,40.41190387,43.59156864,38.87321458,39.19381405,0.0
158,Bahrain,marine_bunkers,MtCO2eq,0.324061605,0.442777211,0.266307907,0.237431213,0.359355341,0.368980906,0.18930339,0.211763041,0.214971563,0.372189427,0.324061605,0.137966736,0.259890864,0.291976079,0.304810475,0.308018997,0.320853083,0.0,0.0,0.0,0.0,0.0,0.0,0.0,0.0,0.0,0.0,0.0,0.0,0.0,0.0,0.0,0.0,0.0,0.0,0.0,0.0,0.0,0.0,0.073796305,0.086630391,0.073796305,0.093047434,0.102672999,0.102672999,0.099464477,0.117178668,0.085645373,0.086498849,0.0
159,Islamic Rep. of Iran,marine_bunkers,MtCO2eq,1.135690251,1.141913143,1.201031427,1.325490561,1.378385629,1.303710278,1.477952872,1.375274021,1.605523614,1.356605345,0.830765307,0.892994874,0.905440658,0.980116333,1.005007901,0.970781833,0.942778334,1.017454009,1.319267669,1.369051129,1.58374333,1.60241233,1.79221264,1.910448559,2.056688301,2.16247876,2.171812936,2.218485111,2.237154111,2.367836138,2.386505138,2.560748056,2.784774757,2.906122284,2.999466635,3.148817661,3.403959146,4.899454533,6.37356079,7.384791907,7.082584416,6.047523225,9.631074663,11.47812909,15.05290507,6.406690267,4.472911442,4.472911442,4.472911442,0.0
160,Iraq,marine_bunkers,MtCO2eq,0.261364377,0.248918269,0.248918269,0.280033053,0.295590445,0.311148161,0.342262944,0.373377728,0.373377728,0.373377728,0.373377728,0.373377728,0.435607295,0.466722079,0.466722079,0.311148161,0.622295997,0.404492512,0.404492512,0.404492512,0.0093345,0.015557392,0.015557392,0.015557392,0.015557392,0.021780284,0.168020026,0.367154512,0.488502363,0.485390755,0.472944971,0.37960062,0.233360877,0.35159712,0.326705552,0.35159712,0.385823512,0.413826687,0.451164687,0.448053079,0.510282646,0.56940093,0.556954822,0.591181213,0.709417456,0.892994874,0.890200519,0.904249096,0.929125108,0.0
161,Jordan,marine_bunkers,MtCO2eq,0.0,0.0,0.0,0.0,0.0,0.0,0.0,0.0,0.0,0.0,0.0,0.0,0.0,0.0,0.0,0.028488391,0.100052459,0.0,0.0,0.0,0.0,0.0,0.0,0.012590017,0.028257913,0.009428653,0.018857305,0.009428653,0.034580643,0.135050336,0.018857305,0.003133644,0.037714287,0.150746277,0.248525563,0.131972148,0.122598937,0.097446933,0.119576176,0.053465359,0.02836881,0.056571282,0.025152314,0.00632273,0.015779103,0.272680197,0.246240878,0.01303109,0.113789247,0.0
162,Kuwait,marine_bunkers,MtCO2eq,6.358283083,7.231147148,7.274901867,6.695390157,6.383854018,6.686347045,6.40242578,6.22195997,6.997106904,5.663743652,4.380649089,2.599044459,2.430636455,2.277688605,2.402536041,2.228487274,2.337001039,2.696665001,2.817715611,0.559672276,0.019251129,1.331319299,1.119150414,1.710028859,1.842264081,1.741725772,2.082721368,1.951553802,2.023894149,1.441180094,1.238351547,1.624854425,2.212250516,2.530495086,2.174815927,2.543037784,3.029787272,3.167080803,1.210651139,1.697400304,3.298054218,3.444778852,3.566417768,3.576043332,3.874260169,3.46578318,3.030732358,3.002380928,2.904983053,0.0
163,Lebanon,marine_bunkers,MtCO2eq,0.719226737,0.503339176,0.066536535,0.046672175,0.031114784,0.031114784,0.031114784,0.031114784,0.031114784,0.0,0.0,0.0,0.0,0.0,0.0,0.0,0.0,0.0,0.0,0.0,0.031114784,0.031114784,0.0,0.0,0.0,0.0,0.0,0.0,0.0,0.0,0.0,0.0,0.0,0.0,0.0,0.0,0.0,0.0,0.0,0.0,0.0,0.0,0.0,0.0,0.0,0.0,0.0,0.0,0.0,0.0
164,Oman,marine_bunkers,MtCO2eq,3.889349901,4.480531114,3.827120334,3.267053904,2.570082556,2.598085731,2.084691477,1.982012626,1.978901342,0.718751956,0.504059754,0.54139743,0.348485836,0.298702053,0.354708728,0.373377728,0.466722079,0.56006643,0.622295997,0.062229567,0.065341175,0.068452459,0.768535415,0.077786959,0.084009851,0.084009851,0.093344351,0.121347851,0.174242918,0.196023202,0.155573918,0.105790459,0.115124635,0.121347851,0.121347851,0.099567243,0.056006675,4.125822386,2.937237068,3.618651348,1.804658424,2.492295596,2.75365965,3.671546415,4.01380936,5.21795207,3.18202651,7.732121279,4.292694274,0.0
165,Qatar,marine_bunkers,MtCO2eq,0.0,0.0,0.0,0.0,0.0,0.0,0.0,0.0,0.0,0.0,0.0,0.0,0.0,0.0,0.0,0.0,0.0,0.0,0.0,0.0,0.0,0.0,0.0,0.0,0.0,0.0,0.0,0.0,0.0,0.0,0.0,0.0,0.0,0.0,0.0,0.0,0.0,0.0,0.0,0.0,0.0,0.0,0.0,0.0,0.0,0.0,0.0,0.0,0.0,0.0
166,Saudi Arabia,marine_bunkers,MtCO2eq,40.47274958,42.6421306,42.96163665,43.60706581,26.13726998,30.90313119,31.31092328,22.47489061,19.56565672,13.76576974,8.24240751,7.166029693,7.162821172,16.2450371,28.30824514,23.2240867,18.92713268,16.2450371,5.967818486,5.796687176,7.844040977,8.208084205,7.844040977,6.48121274,6.020713877,5.644224866,5.967818486,6.18873358,6.649232767,6.667901766,6.751911617,6.907485536,6.941711927,7.078616846,7.162627021,8.354323948,8.746370351,8.942393553,8.083625071,8.186303922,9.950513062,10.52302528,10.65370763,10.03141163,9.891394779,10.74394037,10.34619378,10.94484259,10.44979652,0.0
167,Syrian Arab Republic ,marine_bunkers,MtCO2eq,0.782881423,0.863094461,0.856677418,0.895179987,1.270577936,1.681269621,1.966828968,1.84490484,1.767900013,1.986080097,2.040624963,2.165757612,2.28768174,2.502653303,2.557198479,2.438482873,2.672705564,2.566824044,2.733667473,2.849174558,3.131525383,3.182861727,3.346496635,3.413875897,3.468421074,3.644890068,3.709060808,3.824567893,3.805316454,3.715477851,3.561468198,3.593553723,3.372165118,3.555051155,3.202112856,3.490880724,3.298368812,3.221363986,3.433127027,3.466200539,2.607085028,1.735917563,1.785016128,1.756915714,1.452687692,1.244521151,1.166515964,1.132377747,1.153989257,0.0
168,United Arab Emirates,marine_bunkers,MtCO2eq,0.0,0.0,0.0,0.0,0.0,0.0,0.0,0.0,0.0,5.591900224,5.205876709,5.322742204,4.820053197,4.777263058,9.787716251,13.52149223,14.25268997,18.68343763,19.44283855,19.19391995,30.2272282,30.22411659,30.19203138,33.47795428,33.5100395,33.87700018,34.57445706,34.40332575,32.00748611,29.69254504,27.21901536,25.00714144,29.29767809,34.19213313,37.82955039,41.25898356,44.67266519,46.85429816,39.28494054,42.03286251,44.74344712,45.17953963,45.96722926,46.75190452,49.34444673,52.31261613,52.57949439,53.09705705,52.11290434,0.0
169,Yemen,marine_bunkers,MtCO2eq,1.138596005,0.994497128,1.013942719,0.724186864,0.924200719,1.992403091,2.365004215,2.060370335,2.156626291,2.156626291,0.567830503,1.221241284,0.94314908,1.223182133,1.254297241,1.191096608,1.254297241,1.285412024,1.318467671,1.254297241,1.001496611,1.174083892,0.347115088,0.315029873,0.315029873,0.315029873,0.315029873,0.315029873,0.238025046,0.305404309,0.26690205,0.375798265,0.3884382,0.404189743,0.426261092,0.438901026,0.451540961,0.467292504,0.486252569,0.524172698,0.457861091,0.470501026,0.492572698,0.492572698,0.353629369,0.318917762,0.302738078,0.305011736,0.350064579,0.0
170,Middle East,marine_bunkers,MtCO2eq,55.08220296,58.54834825,57.71707313,57.07850373,39.3504314,45.87619081,46.17050771,36.57566796,34.69117896,31.98504446,22.46965317,20.42055202,19.5937663,29.06334074,46.44124233,44.5954608,41.89652845,43.45938875,34.62656397,31.48952441,43.91307609,45.83800268,45.42513994,47.41448458,47.34098186,47.50056831,49.10112221,49.39962702,47.65843456,45.00680949,42.0715301,40.55810617,45.38321841,51.29029949,54.49141289,59.81808122,64.16712085,72.18897955,62.38013507,67.48569797,70.56948521,70.59334969,75.52483236,78.45870034,84.81100273,80.97556048,76.33423258,81.68962833,76.86675667,0.0
171,IEA/Accession/Association,marine_bunkers,MtCO2eq,234.7645884,248.6673145,265.7982842,245.3139968,246.8855186,249.903991,250.4851821,261.0338383,270.1971817,268.9490576,253.1361255,221.5388586,203.8604402,200.7102807,205.004401,226.137146,224.0863802,235.7631926,240.0264576,286.017535,294.9198525,318.1367657,304.8834511,310.7354104,320.2777875,327.2907136,335.8296046,347.1885106,363.2167889,377.6823786,356.7013563,370.9838708,368.5711955,407.9569905,431.990739,458.8987455,485.630373,482.4811475,451.741275,478.9418812,481.9736932,442.0480874,427.9757972,421.1190516,438.9202025,467.4977558,481.035576,476.9729489,472.5054771,0.0
172,European Union - 27,marine_bunkers,MtCO2eq,,,,,,,,,,,,,,,,,,,,105.2578897,104.364253,105.2485443,104.9842169,103.5380045,104.0321126,109.3257791,117.3933364,122.9423229,118.3504126,128.2408404,132.2061737,136.148113,140.3106328,147.521834,150.395483,160.3553857,167.3110521,165.496743,147.7805529,148.9952142,148.4346644,138.3219165,130.8152399,126.8653636,125.6466103,132.0295968,134.0420534,137.9868519,138.4162456,0.0
173,G7,marine_bunkers,MtCO2eq,143.8431541,144.2792812,160.3960292,154.8978427,155.799437,155.4537612,157.97656,164.813155,177.2726889,179.1961812,163.8632754,134.8811578,119.1067796,117.6414654,117.547392,115.1507528,107.1114427,108.0976818,111.3939069,144.699186,149.6954989,153.7693178,144.3567724,138.8543679,141.6262771,130.2485348,124.2911645,126.194259,130.2335938,138.1421052,107.7954792,119.0572405,108.298605,128.4280872,135.3561414,141.838401,152.3097465,138.7744737,128.9447447,135.1625288,130.0468563,104.4381536,99.72596706,96.15736756,95.29928375,108.4475004,116.1721923,108.2353001,114.0766806,0.0
174,G8,marine_bunkers,MtCO2eq,,,,,,,,,,,,,,,,,,,,150.6273934,149.6954989,153.7693178,144.3567724,138.8543679,141.6262771,130.2485348,124.2911645,126.194259,130.2335938,138.1421052,107.7954792,119.0572405,108.298605,128.4280872,135.3561414,141.838401,152.3097465,138.7744737,128.9447447,140.0002435,139.5747741,110.0760327,115.989859,143.2853175,137.5574356,141.9985015,153.0049533,144.9808502,147.8985028,0.0
175,G20,marine_bunkers,MtCO2eq,,,,,,,,,,,,,,,,,,,,267.1787446,272.2406379,288.5490965,278.540178,282.1701075,292.9182029,293.7960453,293.3008478,305.1564319,316.3614605,332.8959663,308.8394652,327.6140189,323.7942265,361.1136248,371.59728,395.93083,416.5836271,399.7749797,376.8669255,404.3776652,398.0473874,356.3715725,354.6926681,375.164594,380.9826366,392.8088287,409.7876155,407.7417445,403.7563323,0.0
176,Africa,marine_bunkers,MtCO2eq,22.21374391,19.22264792,19.55632837,18.00010545,16.03539183,13.67152715,13.52600398,12.74223751,14.9063023,16.67045393,17.15760472,17.92028017,16.03455819,15.07921235,14.0215067,14.13030519,13.66952587,14.78373521,15.22263723,16.07130631,16.97548119,19.02677285,18.33294462,22.01772676,23.9874725,26.14412386,23.7030109,22.37016671,26.16086365,23.76895457,22.25948434,20.65879214,23.91178529,20.92971784,20.86862505,19.1253983,19.6759278,17.81252306,15.258669,19.0505972,18.13944368,19.7561909,18.65136375,18.62137594,18.98344122,16.58553913,14.20306556,17.21048587,16.1976437,0.0
177,Americas,marine_bunkers,MtCO2eq,58.71834965,56.53163331,65.80704902,66.27249179,61.70421583,73.42520446,82.70517528,96.06922804,108.9713803,117.3419365,107.3486557,90.44823058,82.22017338,79.77008039,77.91096792,74.41914524,75.35182385,80.25570989,84.82808807,114.8801318,121.795135,128.1839652,117.9508657,116.4744023,122.5329971,118.036382,108.4321994,107.3885656,125.1023315,135.4206924,109.4963992,121.8592255,104.9333139,123.1684797,129.0294102,136.6946097,146.0046466,138.4603436,126.7190742,134.8669815,134.2728584,110.3562282,103.6175649,101.0010639,101.3678413,108.8525528,122.5478911,107.9735857,116.3065515,0.0
178,Asia,marine_bunkers,MtCO2eq,,,,,,,,,,,,,,,,,,,,110.6218811,125.1808696,143.9007239,142.0484638,153.3277034,156.8574656,163.0524883,176.0915773,185.3013794,197.6841142,193.3446334,190.200185,193.9574298,209.8313748,236.3130158,246.2193037,267.3212367,285.4518109,295.165674,295.3263393,327.2335081,324.6315343,315.8821674,320.6561448,318.0686257,348.5594813,363.7121821,370.425931,376.0883461,355.1919961,0.0
179,Europe,marine_bunkers,MtCO2eq,,,,,,,,,,,,,,,,,,,,125.9983119,118.6836483,120.1120709,119.9197731,118.3164978,119.9004873,126.091439,136.0525869,143.1453279,136.3235456,145.3888134,150.5583736,154.3159818,159.311303,167.0220241,170.9851208,180.8229965,189.543677,190.2748017,172.8924861,176.7182757,181.7269975,166.2442602,168.3522604,193.9587031,187.4314854,185.6169922,191.2770701,195.5732971,192.8722777,0.0
180,Oceania,marine_bunkers,MtCO2eq,6.779178,6.091379,7.602949,7.268427,6.712175,6.334538,6.5087,6.321646,6.524468,5.372423,5.105339,3.745617,3.798897,3.428571,3.251636,2.417434,2.396956,2.782562,2.984922,3.422136,3.109914,3.182838,3.395483,4.165381,4.259168,4.269124,4.08361,3.726283,3.916073,4.15327,3.871135,3.773956,4.29815,4.467987,4.460109,4.907297,4.33186,4.646849,4.369298,3.754774,3.527676,3.916722,3.405136,3.663826,3.352726,3.202186,3.195118,3.300475,0.0,0.0
