,name,type,unit,"Total CO2 emissions 
from fuel combustion","Other energy 
industry own use*","Manuf. industries 
and construction",Transport,of which: road,Residential,Commercial and public services,Unnamed: 8,Unnamed: 9,Unnamed: 10,Unnamed: 11,Unnamed: 12,Unnamed: 13,Unnamed: 14,Unnamed: 15,Unnamed: 16,Unnamed: 17,Unnamed: 18,Unnamed: 19,Unnamed: 20,Unnamed: 21,Unnamed: 22
0,World,sectors_alt_2019,MtCO2eq,33621.52686,2300.92616,12304.09207,8450.192487,6099.542377,5459.760538,3232.352002,,,,,,,,,,,,,,,
1,Annex I Parties ,sectors_alt_2019,MtCO2eq,12083.98205,975.297181,2860.867867,3684.051105,3060.592919,2421.276841,1796.615684,,,,,,,,,,,,,,,
2,   Annex II Parties   ,sectors_alt_2019,MtCO2eq,9222.027633,732.099521,1922.020656,3099.903081,2641.256271,1734.737381,1464.675879,,,,,,,,,,,,,,,
3,      North America      ,sectors_alt_2019,MtCO2eq,5315.457881,453.997886,872.137833,1955.821892,1611.121813,993.894664,868.559231,,,,,,,,,,,,,,,
4,      Europe      ,sectors_alt_2019,MtCO2eq,2436.232102,173.930542,570.877727,813.273477,752.356746,497.075153,308.792232,,,,,,,,,,,,,,,
5,      Asia Oceania,sectors_alt_2019,MtCO2eq,1470.33765,104.171093,479.005096,330.807712,277.777712,243.767564,287.324416,,,,,,,,,,,,,,,
6,   Annex I EIT   ,sectors_alt_2019,MtCO2eq,2487.468893,225.564142,811.113048,497.048572,338.857722,622.367939,269.110635,,,,,,,,,,,,,,,
7,Non-Annex I Parties ,sectors_alt_2019,MtCO2eq,20234.93831,1325.628979,9443.224206,3463.534876,3038.949458,3038.483697,1435.736318,,,,,,,,,,,,,,,
8,Annex B Kyoto Parties,sectors_alt_2019,MtCO2eq,3877.223067,306.986318,998.126988,1143.572014,1039.735258,798.751636,507.185415,,,,,,,,,,,,,,,
9,OECD Total,sectors_alt_2019,MtCO2eq,11317.68215,894.871838,2608.367516,3645.564902,3158.093764,2063.502484,1749.534114,,,,,,,,,,,,,,,
10,Non-OECD Total,sectors_alt_2019,MtCO2eq,21001.2382,1406.054322,9695.724557,3502.021079,2941.448613,3396.258054,1482.817888,,,,,,,,,,,,,,,
11,Canada,sectors_alt_2019,MtCO2eq,571.008661,132.779789,99.701129,192.643073,151.112681,67.01123,59.455888,,,,,,,,,,,,,,,
12,Chile,sectors_alt_2019,MtCO2eq,90.498027,2.545218,36.679263,29.381883,26.031467,10.869705,8.417094,,,,,,,,,,,,,,,
13,Mexico,sectors_alt_2019,MtCO2eq,419.39078,51.357412,130.073358,147.815313,143.117245,46.788231,18.284793,,,,,,,,,,,,,,,
14,United States,sectors_alt_2019,MtCO2eq,4744.44922,321.218097,772.436704,1763.178819,1460.009132,926.883434,809.103343,,,,,,,,,,,,,,,
15,OECD Americas,sectors_alt_2019,MtCO2eq,5900.223813,514.114083,1057.913716,2164.33525,1811.009461,1060.685534,899.754713,,,,,,,,,,,,,,,
16,Australia,sectors_alt_2019,MtCO2eq,380.742064,57.61719,97.037418,104.133529,83.056301,54.260996,59.495069,,,,,,,,,,,,,,,
17,Israel,sectors_alt_2019,MtCO2eq,60.874868,2.245473,11.737013,18.132592,17.786722,11.859244,10.82844,,,,,,,,,,,,,,,
18,Japan,sectors_alt_2019,MtCO2eq,1056.191721,44.807733,372.932202,210.477724,180.008778,187.1647,225.513855,,,,,,,,,,,,,,,
19,Korea,sectors_alt_2019,MtCO2eq,585.708457,49.949756,227.497005,107.941562,101.553294,76.187469,107.300376,,,,,,,,,,,,,,,
20,New Zealand,sectors_alt_2019,MtCO2eq,33.403865,1.74617,9.035476,16.196459,14.712633,2.341868,2.315492,,,,,,,,,,,,,,,
21,OECD Asia Oceania,sectors_alt_2019,MtCO2eq,2116.920975,156.366322,718.239114,456.881866,397.117728,331.814277,405.453232,,,,,,,,,,,,,,,
22,Austria,sectors_alt_2019,MtCO2eq,62.995254,6.255465,15.110159,25.522935,24.29989,10.519773,4.647948,,,,,,,,,,,,,,,
23,Belgium,sectors_alt_2019,MtCO2eq,90.189476,7.058331,26.253537,25.343167,24.414133,18.36218,10.778561,,,,,,,,,,,,,,,
24,Czech Republic,sectors_alt_2019,MtCO2eq,94.308208,5.474501,29.798679,19.995667,18.481182,21.513098,15.550209,,,,,,,,,,,,,,,
25,Denmark,sectors_alt_2019,MtCO2eq,28.352517,2.084247,4.418901,12.226082,11.310871,5.394927,2.642822,,,,,,,,,,,,,,,
26,Estonia,sectors_alt_2019,MtCO2eq,9.879884,0.464856,2.196896,2.448596,2.367876,2.043473,2.335361,,,,,,,,,,,,,,,
27,Finland,sectors_alt_2019,MtCO2eq,40.123301,3.618256,12.565881,11.180741,10.43861,6.169286,4.518394,,,,,,,,,,,,,,,
28,France,sectors_alt_2019,MtCO2eq,293.865169,19.968853,49.927431,126.382473,118.685413,53.048306,32.437496,,,,,,,,,,,,,,,
29,Germany,sectors_alt_2019,MtCO2eq,644.111015,28.306245,197.956391,165.155225,154.870364,154.273013,89.014972,,,,,,,,,,,,,,,
30,Greece,sectors_alt_2019,MtCO2eq,56.636837,4.879661,10.320159,17.651515,14.822952,12.7899,9.049287,,,,,,,,,,,,,,,
31,Hungary,sectors_alt_2019,MtCO2eq,45.359319,2.542327,11.052364,14.554416,14.023009,10.643038,4.74154,,,,,,,,,,,,,,,
32,Iceland,sectors_alt_2019,MtCO2eq,1.636258,3.7e-05,0.070116,1.012715,0.933079,0.007103,0.00165,,,,,,,,,,,,,,,
33,Ireland,sectors_alt_2019,MtCO2eq,33.857914,0.38079,6.386247,11.834234,11.366773,8.895864,5.581547,,,,,,,,,,,,,,,
34,Italy,sectors_alt_2019,MtCO2eq,309.324881,18.014782,71.179109,104.101916,95.747489,63.706137,43.376189,,,,,,,,,,,,,,,
35,Latvia,sectors_alt_2019,MtCO2eq,7.007674,0.003636,1.070521,3.242322,3.088673,1.209606,0.963626,,,,,,,,,,,,,,,
36,Lithuania,sectors_alt_2019,MtCO2eq,11.152158,1.489503,1.507911,6.273253,6.021238,1.116093,0.513488,,,,,,,,,,,,,,,
37,Luxembourg,sectors_alt_2019,MtCO2eq,9.094359,0.0,1.028279,6.211658,6.198547,0.963355,0.83484,,,,,,,,,,,,,,,
38,Netherlands,sectors_alt_2019,MtCO2eq,146.324407,13.640702,42.366416,31.31121,29.739991,25.009457,22.393838,,,,,,,,,,,,,,,
39,Norway,sectors_alt_2019,MtCO2eq,34.860066,13.032304,6.670562,11.583965,8.363621,0.665613,2.056715,,,,,,,,,,,,,,,
40,Poland,sectors_alt_2019,MtCO2eq,287.38067,18.387398,75.693882,66.730239,63.072763,68.368568,46.482872,,,,,,,,,,,,,,,
41,Portugal,sectors_alt_2019,MtCO2eq,42.413625,3.089089,10.202349,17.32032,16.39578,5.073244,5.2239,,,,,,,,,,,,,,,
42,Slovak Republic,sectors_alt_2019,MtCO2eq,29.672307,4.435423,9.504219,7.907984,7.305565,4.82404,2.719473,,,,,,,,,,,,,,,
43,Slovenia,sectors_alt_2019,MtCO2eq,13.122155,0.035234,3.888531,5.597435,5.508418,1.873769,1.424483,,,,,,,,,,,,,,,
44,Spain,sectors_alt_2019,MtCO2eq,230.913776,22.954989,48.100821,94.515204,82.859317,30.444581,25.77265,,,,,,,,,,,,,,,
45,Sweden,sectors_alt_2019,MtCO2eq,33.652715,1.305845,8.377491,16.40474,15.402974,3.901553,2.613663,,,,,,,,,,,,,,,
46,Switzerland,sectors_alt_2019,MtCO2eq,35.64434,0.347218,5.736176,15.851573,15.392798,8.598143,4.544282,,,,,,,,,,,,,,,
47,Turkey,sectors_alt_2019,MtCO2eq,366.422887,17.628013,126.623956,84.324397,77.741105,62.335835,60.802885,,,,,,,,,,,,,,,
48,United Kingdom,sectors_alt_2019,MtCO2eq,342.236192,28.993728,54.207702,119.663804,111.114144,89.252718,43.303478,,,,,,,,,,,,,,,
49,OECD Europe,sectors_alt_2019,MtCO2eq,3300.537364,224.391433,832.214686,1024.347786,949.966575,671.002673,444.326169,,,,,,,,,,,,,,,
50,Albania,sectors_alt_2019,MtCO2eq,4.048837,0.193889,0.89302,2.186936,2.066299,0.289577,0.187052,,,,,,,,,,,,,,,
51,Armenia,sectors_alt_2019,MtCO2eq,5.854471,0.008413,0.795124,2.082342,2.060231,1.766551,0.173189,,,,,,,,,,,,,,,
52,Azerbaijan,sectors_alt_2019,MtCO2eq,34.05111,3.411488,5.205756,8.513465,7.250616,10.317151,4.791135,,,,,,,,,,,,,,,
53,Belarus,sectors_alt_2019,MtCO2eq,55.405158,5.342086,14.538922,12.348969,10.344551,12.765946,6.987352,,,,,,,,,,,,,,,
54,Bosnia and Herzegovina,sectors_alt_2019,MtCO2eq,20.686256,0.769662,6.397298,4.069703,4.003187,6.090372,3.18887,,,,,,,,,,,,,,,
55,Bulgaria,sectors_alt_2019,MtCO2eq,38.016127,2.642149,10.821935,9.737748,9.349569,8.153182,5.979316,,,,,,,,,,,,,,,
56,Croatia,sectors_alt_2019,MtCO2eq,15.3393,1.061136,2.978808,6.547695,6.278172,2.492934,1.55313,,,,,,,,,,,,,,,
57,Cyprus,sectors_alt_2019,MtCO2eq,6.404013,0.004784,0.926464,2.037668,2.028533,1.544983,1.609395,,,,,,,,,,,,,,,
58,Georgia,sectors_alt_2019,MtCO2eq,9.31487,0.003502,1.93776,3.948325,3.551497,2.253893,0.880523,,,,,,,,,,,,,,,
59,Gibraltar,sectors_alt_2019,MtCO2eq,0.716705,0.0,0.0,0.571588,0.571588,0.0,0.022849,,,,,,,,,,,,,,,
60,Kazakhstan,sectors_alt_2019,MtCO2eq,205.044962,23.102329,74.043285,19.280559,15.879106,55.712957,21.993776,,,,,,,,,,,,,,,
61,Kosovo,sectors_alt_2019,MtCO2eq,8.609288,0.000484,2.092994,1.311211,1.307689,3.420825,1.533069,,,,,,,,,,,,,,,
62,Kyrgyzstan,sectors_alt_2019,MtCO2eq,9.293406,0.097471,1.179009,1.179617,1.173345,5.888868,0.888202,,,,,,,,,,,,,,,
63,Malta,sectors_alt_2019,MtCO2eq,1.658623,0.000721,0.183743,0.737387,0.709288,0.290703,0.41689,,,,,,,,,,,,,,,
64,Republic of Moldova,sectors_alt_2019,MtCO2eq,8.281045,0.028545,2.046862,2.209548,2.12384,2.420401,1.150623,,,,,,,,,,,,,,,
65,Montenegro,sectors_alt_2019,MtCO2eq,2.601108,0.0,0.557724,0.813403,0.80306,0.6585,0.554464,,,,,,,,,,,,,,,
66,Republic of North Macedonia,sectors_alt_2019,MtCO2eq,7.950916,0.07577,2.136535,2.308635,2.291175,2.128741,1.232904,,,,,,,,,,,,,,,
67,Romania,sectors_alt_2019,MtCO2eq,70.094389,4.712764,22.788215,18.985672,17.836735,14.826422,6.392596,,,,,,,,,,,,,,,
68,Russian Federation,sectors_alt_2019,MtCO2eq,1640.32759,173.23339,556.054697,292.939178,153.152438,432.501095,154.232582,,,,,,,,,,,,,,,
69,Serbia,sectors_alt_2019,MtCO2eq,45.136531,3.100312,12.430748,7.236901,6.822843,15.630191,6.087412,,,,,,,,,,,,,,,
70,Tajikistan,sectors_alt_2019,MtCO2eq,7.538598,0.001324,2.363523,1.361423,1.35093,1.947388,0.315197,,,,,,,,,,,,,,,
71,Turkmenistan,sectors_alt_2019,MtCO2eq,69.210474,8.245696,8.479081,12.207078,7.871972,4.032699,16.848967,,,,,,,,,,,,,,,
72,Ukraine,sectors_alt_2019,MtCO2eq,170.403954,5.739739,69.217468,29.739398,22.027533,40.036675,19.234607,,,,,,,,,,,,,,,
73,Uzbekistan,sectors_alt_2019,MtCO2eq,111.808667,17.280953,24.177493,16.169628,13.439983,31.634778,12.136199,,,,,,,,,,,,,,,
74,Former Soviet Union (if no detail),sectors_alt_2019,MtCO2eq,,,,,,,,,,,,,,,,,,,,,,
75,Former Yugoslavia (if no detail),sectors_alt_2019,MtCO2eq,,,,,,,,,,,,,,,,,,,,,,
76,Non-OECD Europe and Eurasia,sectors_alt_2019,MtCO2eq,2547.796398,249.056607,822.246464,458.524077,294.29418,656.804832,268.390299,,,,,,,,,,,,,,,
77,Algeria,sectors_alt_2019,MtCO2eq,142.36988,11.035031,27.606783,46.637181,42.956322,42.854117,2.823802,,,,,,,,,,,,,,,
78,Angola,sectors_alt_2019,MtCO2eq,18.766744,1.12188,3.060912,7.933886,7.87662,4.639548,1.976295,,,,,,,,,,,,,,,
79,Benin,sectors_alt_2019,MtCO2eq,7.087853,0.0,0.559607,5.910633,5.910633,0.206082,0.341029,,,,,,,,,,,,,,,
80,Botswana,sectors_alt_2019,MtCO2eq,7.246317,0.0,1.819355,2.398676,2.325155,1.416849,1.172577,,,,,,,,,,,,,,,
81,Cameroon,sectors_alt_2019,MtCO2eq,6.503631,0.026722,1.547811,3.243427,3.216422,1.041655,0.180572,,,,,,,,,,,,,,,
82,Congo,sectors_alt_2019,MtCO2eq,3.655335,0.0,0.254099,1.327562,1.21152,1.010224,1.063449,,,,,,,,,,,,,,,
83,Côte d'Ivoire,sectors_alt_2019,MtCO2eq,10.741904,0.319133,2.341795,4.235657,3.818212,2.223071,1.286477,,,,,,,,,,,,,,,
84,Dem. Rep. of Congo,sectors_alt_2019,MtCO2eq,2.211141,1.5e-05,0.020895,2.188302,1.884334,0.001727,0.000201,,,,,,,,,,,,,,,
85,Egypt,sectors_alt_2019,MtCO2eq,225.482657,15.013056,68.463499,54.287397,51.160656,55.269617,24.999404,,,,,,,,,,,,,,,
86,Equatorial Guinea,sectors_alt_2019,MtCO2eq,4.79507,0.350879,3.204314,0.552235,0.528723,0.400531,0.232556,,,,,,,,,,,,,,,
87,Eritrea,sectors_alt_2019,MtCO2eq,0.766817,0.0,0.125784,0.261456,0.253095,0.248943,0.130635,,,,,,,,,,,,,,,
88,Ethiopia,sectors_alt_2019,MtCO2eq,14.755338,0.0,5.193904,7.732601,7.704385,0.231056,0.279328,,,,,,,,,,,,,,,
89,Gabon,sectors_alt_2019,MtCO2eq,2.445192,0.23275,0.88987,0.197238,0.188737,0.856627,0.227642,,,,,,,,,,,,,,,
90,Ghana,sectors_alt_2019,MtCO2eq,18.151479,0.107457,4.240841,8.517652,7.889344,3.389188,1.499415,,,,,,,,,,,,,,,
91,Kenya,sectors_alt_2019,MtCO2eq,20.097702,0.0,8.858877,9.545697,9.445958,1.236286,0.170447,,,,,,,,,,,,,,,
92,Libya,sectors_alt_2019,MtCO2eq,45.889266,2.523124,5.073372,16.975002,16.938417,12.027013,2.383968,,,,,,,,,,,,,,,
93,Mauritius,sectors_alt_2019,MtCO2eq,4.173741,0.035537,1.115862,1.202121,1.148233,0.898294,0.862122,,,,,,,,,,,,,,,
94,Morocco,sectors_alt_2019,MtCO2eq,65.902028,0.0,18.296221,19.334014,18.868816,16.917852,5.498102,,,,,,,,,,,,,,,
95,Mozambique,sectors_alt_2019,MtCO2eq,6.552425,0.254804,2.21884,3.674791,3.391825,0.285954,0.025781,,,,,,,,,,,,,,,
96,Namibia,sectors_alt_2019,MtCO2eq,3.810379,0.0,0.30887,2.042948,1.926283,0.006298,0.006329,,,,,,,,,,,,,,,
97,Niger,sectors_alt_2019,MtCO2eq,2.069448,0.010817,0.27828,1.169569,1.162234,0.396526,0.21032,,,,,,,,,,,,,,,
98,Nigeria,sectors_alt_2019,MtCO2eq,92.022328,12.695891,9.188373,55.870088,54.669035,10.259379,3.460681,,,,,,,,,,,,,,,
99,Senegal,sectors_alt_2019,MtCO2eq,8.519556,0.081681,2.50995,2.99043,2.82206,1.965025,0.90891,,,,,,,,,,,,,,,
100,South Africa,sectors_alt_2019,MtCO2eq,433.573806,76.278842,165.465476,60.433707,52.162361,68.676842,43.708681,,,,,,,,,,,,,,,
101,South Sudan,sectors_alt_2019,MtCO2eq,1.703275,0.25698,0.248641,0.832256,0.81827,0.199811,0.026318,,,,,,,,,,,,,,,
102,Sudan,sectors_alt_2019,MtCO2eq,18.489116,0.165527,2.123205,10.552739,10.356485,3.513203,1.183514,,,,,,,,,,,,,,,
103,United Rep. of Tanzania,sectors_alt_2019,MtCO2eq,10.707045,0.041286,2.919342,4.933562,4.857436,1.770764,0.842136,,,,,,,,,,,,,,,
104,Togo,sectors_alt_2019,MtCO2eq,1.497005,0.0,0.217126,1.060136,1.060136,0.183602,0.035889,,,,,,,,,,,,,,,
105,Tunisia,sectors_alt_2019,MtCO2eq,26.18944,0.572834,7.931567,7.365382,7.039822,5.184345,3.28611,,,,,,,,,,,,,,,
106,Zambia,sectors_alt_2019,MtCO2eq,5.73791,0.038805,2.299153,2.070294,2.063575,0.763659,0.232956,,,,,,,,,,,,,,,
107,Zimbabwe,sectors_alt_2019,MtCO2eq,11.062407,0.09131,3.854813,2.561653,2.392936,2.290016,1.056916,,,,,,,,,,,,,,,
108,Other Africa,sectors_alt_2019,MtCO2eq,39.884322,0.0,12.875578,18.368442,17.740908,3.78599,1.566513,,,,,,,,,,,,,,,
109,Africa,sectors_alt_2019,MtCO2eq,1262.860557,121.254361,365.113015,366.406734,345.788948,244.150094,101.679075,,,,,,,,,,,,,,,
110,Bangladesh,sectors_alt_2019,MtCO2eq,89.25805,0.146617,42.47474,11.658737,8.72843,25.849605,4.185085,,,,,,,,,,,,,,,
111,Brunei Darussalam,sectors_alt_2019,MtCO2eq,6.589499,1.700727,0.961334,1.322293,1.322293,1.137574,1.467571,,,,,,,,,,,,,,,
112,Cambodia,sectors_alt_2019,MtCO2eq,12.861399,0.0,2.579118,5.693848,4.718403,1.637234,2.18664,,,,,,,,,,,,,,,
113,DPR of Korea,sectors_alt_2019,MtCO2eq,53.409354,0.043576,35.470101,5.159012,1.076012,5.863056,1.795889,,,,,,,,,,,,,,,
114,India,sectors_alt_2019,MtCO2eq,2309.980028,69.695418,1059.509343,325.30137,280.835397,373.210008,132.315712,,,,,,,,,,,,,,,
115,Indonesia,sectors_alt_2019,MtCO2eq,583.407199,32.046594,229.184153,150.132226,132.629306,110.627374,55.769342,,,,,,,,,,,,,,,
116,Lao People's Democratic Republic,sectors_alt_2019,MtCO2eq,17.183929,0.0,7.250779,2.465301,2.451374,4.549652,2.828632,,,,,,,,,,,,,,,
117,Malaysia,sectors_alt_2019,MtCO2eq,236.590175,13.158465,95.257997,63.832326,61.807327,24.179443,36.569852,,,,,,,,,,,,,,,
118,Mongolia,sectors_alt_2019,MtCO2eq,22.659616,0.013238,8.76243,2.724576,1.854487,5.220458,2.053134,,,,,,,,,,,,,,,
119,Myanmar,sectors_alt_2019,MtCO2eq,35.130155,1.113557,13.282268,6.317936,4.512651,4.867957,3.609343,,,,,,,,,,,,,,,
120,Nepal,sectors_alt_2019,MtCO2eq,10.013231,0.0,3.206301,4.681311,4.628847,0.768931,0.569727,,,,,,,,,,,,,,,
121,Pakistan,sectors_alt_2019,MtCO2eq,174.508851,1.829571,66.264205,49.822888,48.692747,40.987841,10.795437,,,,,,,,,,,,,,,
122,Philippines,sectors_alt_2019,MtCO2eq,135.253276,1.280306,37.644252,36.966953,32.255298,28.48284,27.88543,,,,,,,,,,,,,,,
123,Singapore,sectors_alt_2019,MtCO2eq,47.378557,5.075638,21.997768,8.030855,6.561271,3.315484,8.849174,,,,,,,,,,,,,,,
124,Sri Lanka,sectors_alt_2019,MtCO2eq,22.697394,0.041334,4.016483,10.198801,9.840935,4.917282,2.883732,,,,,,,,,,,,,,,
125,Chinese Taipei,sectors_alt_2019,MtCO2eq,255.961865,23.199472,128.203712,36.345596,34.989239,32.88033,29.65747,,,,,,,,,,,,,,,
126,Thailand,sectors_alt_2019,MtCO2eq,251.41028,20.647045,92.762566,73.721336,70.406989,26.8437,24.570277,,,,,,,,,,,,,,,
127,Viet Nam,sectors_alt_2019,MtCO2eq,282.277055,0.0,156.838669,41.607243,34.861074,52.606484,19.341299,,,,,,,,,,,,,,,
128,Other Asia,sectors_alt_2019,MtCO2eq,28.64685,0.605831,10.80424,10.699168,8.598412,3.02337,2.413051,,,,,,,,,,,,,,,
129,Asia (excl. China),sectors_alt_2019,MtCO2eq,4575.216763,170.597389,2016.470459,846.681776,750.770492,750.968623,369.746797,,,,,,,,,,,,,,,
130,People's Rep. of China,sectors_alt_2019,MtCO2eq,9876.495802,620.263934,5786.380267,1014.604511,774.530984,1200.20551,449.365217,,,,,,,,,,,,,,,
131,"Hong Kong, China",sectors_alt_2019,MtCO2eq,42.634202,0.138302,4.539542,8.188103,8.176799,8.808871,20.938589,,,,,,,,,,,,,,,
132,"China (incl. Hong Kong, China)",sectors_alt_2019,MtCO2eq,9919.130004,620.402236,5790.919809,1022.792614,782.707783,1209.014381,470.303806,,,,,,,,,,,,,,,
133,Argentina,sectors_alt_2019,MtCO2eq,162.218005,16.699723,36.380121,47.637454,42.818577,36.815922,13.754416,,,,,,,,,,,,,,,
134,Bolivia,sectors_alt_2019,MtCO2eq,20.850918,1.955256,3.17752,11.010804,10.694562,2.990649,0.995415,,,,,,,,,,,,,,,
135,Brazil,sectors_alt_2019,MtCO2eq,410.986799,30.080749,109.309837,193.956195,173.37309,35.416544,19.331348,,,,,,,,,,,,,,,
136,Colombia,sectors_alt_2019,MtCO2eq,74.877125,6.213567,19.023262,31.316162,30.738936,9.132934,4.493595,,,,,,,,,,,,,,,
137,Costa Rica,sectors_alt_2019,MtCO2eq,7.501453,0.030163,0.912196,5.972447,5.956941,0.236397,0.139815,,,,,,,,,,,,,,,
138,Cuba,sectors_alt_2019,MtCO2eq,25.170314,0.833573,8.615078,2.002285,1.726056,8.716288,2.160845,,,,,,,,,,,,,,,
139,Curaçao,sectors_alt_2019,MtCO2eq,2.170744,0.037981,0.530419,1.082073,1.082073,0.354024,0.166247,,,,,,,,,,,,,,,
140,Dominican Republic,sectors_alt_2019,MtCO2eq,25.186269,0.152984,7.954986,7.72725,6.218629,5.014683,3.316174,,,,,,,,,,,,,,,
141,Ecuador,sectors_alt_2019,MtCO2eq,35.353929,1.64586,4.01792,19.455706,18.284469,3.971256,2.623877,,,,,,,,,,,,,,,
142,El Salvador,sectors_alt_2019,MtCO2eq,7.410136,0.0,2.007657,3.741247,3.741247,1.237947,0.349753,,,,,,,,,,,,,,,
143,Guatemala,sectors_alt_2019,MtCO2eq,17.840046,0.181973,3.857677,9.307218,9.288187,2.957773,1.535404,,,,,,,,,,,,,,,
144,Guyana,sectors_alt_2019,MtCO2eq,2.684458,0.0,0.801432,0.884261,0.881054,0.482167,0.192572,,,,,,,,,,,,,,,
145,Haiti,sectors_alt_2019,MtCO2eq,3.239811,0.001848,1.016078,1.469084,1.467595,0.671599,0.081205,,,,,,,,,,,,,,,
146,Honduras,sectors_alt_2019,MtCO2eq,9.45425,0.0,2.249555,4.238761,4.191493,1.464234,1.337907,,,,,,,,,,,,,,,
147,Jamaica,sectors_alt_2019,MtCO2eq,8.060113,0.0,3.466736,2.461473,2.390282,1.216068,0.88735,,,,,,,,,,,,,,,
148,Nicaragua,sectors_alt_2019,MtCO2eq,4.883302,0.094205,1.005908,2.154038,1.967796,0.627817,0.882808,,,,,,,,,,,,,,,
149,Panama,sectors_alt_2019,MtCO2eq,12.568779,0.0,2.572581,5.107441,5.061109,1.947031,2.885826,,,,,,,,,,,,,,,
150,Paraguay,sectors_alt_2019,MtCO2eq,7.805584,0.0,0.194019,7.376443,7.352126,0.234454,0.000666,,,,,,,,,,,,,,,
151,Peru,sectors_alt_2019,MtCO2eq,52.209133,2.602497,14.865757,25.582792,24.353719,5.129041,3.384772,,,,,,,,,,,,,,,
152,Suriname,sectors_alt_2019,MtCO2eq,2.637087,0.038945,0.484322,0.881207,0.506649,0.442136,0.303864,,,,,,,,,,,,,,,
153,Trinidad and Tobago,sectors_alt_2019,MtCO2eq,16.596241,6.272389,5.156299,2.752089,2.506215,1.832251,0.583212,,,,,,,,,,,,,,,
154,Uruguay,sectors_alt_2019,MtCO2eq,6.169947,0.423643,0.972082,3.670967,3.622041,0.474898,0.139017,,,,,,,,,,,,,,,
155,Venezuela,sectors_alt_2019,MtCO2eq,90.090763,21.153987,18.159369,29.962741,29.661169,11.479122,9.157091,,,,,,,,,,,,,,,
156,Other Non-OECD Americas,sectors_alt_2019,MtCO2eq,13.549213,0.009935,4.514088,4.443968,4.072427,2.940546,0.827406,,,,,,,,,,,,,,,
157,Non-OECD Americas,sectors_alt_2019,MtCO2eq,941.952836,82.215711,231.420205,391.993683,360.336452,126.17068,64.844418,,,,,,,,,,,,,,,
158,Bahrain,sectors_alt_2019,MtCO2eq,32.595476,3.399136,13.711422,3.740212,3.638582,6.84046,4.855818,,,,,,,,,,,,,,,
159,Islamic Rep. of Iran,sectors_alt_2019,MtCO2eq,583.515431,46.065597,152.977521,138.390284,134.665233,164.128712,42.799221,,,,,,,,,,,,,,,
160,Iraq,sectors_alt_2019,MtCO2eq,138.17737,14.549425,19.076623,34.52098,34.38644,48.998607,4.010043,,,,,,,,,,,,,,,
161,Jordan,sectors_alt_2019,MtCO2eq,22.835458,0.554015,3.659181,9.189593,9.146956,5.345527,2.006827,,,,,,,,,,,,,,,
162,Kuwait,sectors_alt_2019,MtCO2eq,89.444071,19.030327,22.976901,16.049158,16.049158,19.717907,10.729312,,,,,,,,,,,,,,,
163,Lebanon,sectors_alt_2019,MtCO2eq,25.508531,0.0,4.945034,8.420251,8.420251,6.562172,2.596374,,,,,,,,,,,,,,,
164,Oman,sectors_alt_2019,MtCO2eq,68.990804,8.982404,16.276714,12.09082,11.992538,7.556494,21.353041,,,,,,,,,,,,,,,
165,Qatar,sectors_alt_2019,MtCO2eq,86.888698,31.213897,25.823952,12.189564,12.189564,11.074616,4.409888,,,,,,,,,,,,,,,
166,Saudi Arabia,sectors_alt_2019,MtCO2eq,495.152599,35.161174,125.101209,136.379931,133.760674,104.230435,90.292988,,,,,,,,,,,,,,,
167,Syrian Arab Republic ,sectors_alt_2019,MtCO2eq,23.585671,0.623426,6.420274,5.528418,5.338997,7.349876,1.631316,,,,,,,,,,,,,,,
168,United Arab Emirates,sectors_alt_2019,MtCO2eq,177.98671,2.5907,77.118304,35.778382,34.617763,23.804441,22.717055,,,,,,,,,,,,,,,
169,Yemen,sectors_alt_2019,MtCO2eq,9.600826,0.357917,1.46747,3.344602,3.344602,3.540197,0.45161,,,,,,,,,,,,,,,
170,Middle East,sectors_alt_2019,MtCO2eq,1754.281645,162.528018,469.554605,415.622195,407.550758,409.149444,207.853493,,,,,,,,,,,,,,,
171,IEA/Accession/Association,sectors_alt_2019,MtCO2eq,25275.05056,1748.921151,10086.24398,5481.226644,4657.931808,3895.62532,2486.552208,,,,,,,,,,,,,,,
172,European Union - 27,sectors_alt_2019,MtCO2eq,2651.250073,172.811687,676.605339,829.957502,772.624125,537.451485,349.568486,,,,,,,,,,,,,,,
173,G7,sectors_alt_2019,MtCO2eq,7961.186859,594.089227,1618.340668,2681.603034,2271.548001,1541.339538,1302.205221,,,,,,,,,,,,,,,
174,G8,sectors_alt_2019,MtCO2eq,9601.514449,767.322617,2174.395365,2974.542212,2424.700439,1973.840633,1456.437803,,,,,,,,,,,,,,,
175,G20,sectors_alt_2019,MtCO2eq,27072.17609,1930.761531,10629.03946,5789.708398,4831.776431,4417.828699,2712.537048,,,,,,,,,,,,,,,
176,Africa,sectors_alt_2019,MtCO2eq,1262.860557,121.254361,365.113015,366.406734,345.788948,244.150094,101.679075,,,,,,,,,,,,,,,
177,Americas,sectors_alt_2019,MtCO2eq,6842.176649,596.329794,1289.333921,2556.328933,2171.345913,1186.856214,964.599131,,,,,,,,,,,,,,,
178,Asia,sectors_alt_2019,MtCO2eq,17426.73296,1003.840311,8528.740105,2549.854798,2208.052592,2666.188635,1421.840396,,,,,,,,,,,,,,,
179,Europe,sectors_alt_2019,MtCO2eq,5048.573645,399.819576,1385.524859,1283.189081,1085.415653,1195.120947,650.884577,,,,,,,,,,,,,,,
180,Oceania,sectors_alt_2019,MtCO2eq,437.818988,57.686419,120.478064,120.070447,97.019696,63.007309,65.510546,,,,,,,,,,,,,,,
181,"* Includes emissions from own use in petroleum refining, the manufacture of solid fuels, coal mining, oil and gas extraction and other energy-producing industries. ",sectors_alt_2019,MtCO2eq,,,,,,,,,,,,,,,,,,,,,,
