code,name,unit,1959,1960,1961,1962,1963,1964,1965,1966,1967,1968,1969,1970,1971,1972,1973,1974,1975,1976,1977,1978,1979,1980,1981,1982,1983,1984,1985,1986,1987,1988,1989,1990,1991,1992,1993,1994,1995,1996,1997,1998,1999,2000,2001,2002,2003,2004,2005,2006,2007,2008,2009,2010,2011,2012,2013,2014,2015,2016,2017,2018,2019,2020
AFG,Afghanistan,MtCO2,,,,,,,,,,,,,,,,,,,,,,,,,,,,,,,,,,,,,,,,,,,,,,,,,,,,,,,,,,,,,,
ALB,Albania,MtCO2,,,,,,,,,,,,,,,,,,,,,,,,,,,,,,,,5.4398005783971675,4.51029702182103,2.8448971439271493,2.6055292179651866,2.3135567633924388,2.4756846334802414,2.869325523775979,2.14981891629868,2.4676629693168457,3.67063467468137,3.8082411808830035,4.085826272828924,5.060098487003669,5.42108838209345,5.2340409934711065,5.7265317212840365,5.421877725510988,5.410380446927573,6.077296472780353,6.201085522380907,6.086557325295736,6.31722487201586,5.995611426568829,5.997769408122763,6.506154704096044,5.645736572161693,5.505850614195103,6.162990109498456,5.81014533078947,5.85550723822988,
DZA,Algeria,MtCO2,,,,,,,,,,,,,,,,,,,,,,,,,,,,,,,,,,,,,,,,,,,,,,,,,,,,,,,,,,,,,,
AND,Andorra,MtCO2,,,,,,,,,,,,,,,,,,,,,,,,,,,,,,,,,,,,,,,,,,,,,,,,,,,,,,,,,,,,,,
AGO,Angola,MtCO2,,,,,,,,,,,,,,,,,,,,,,,,,,,,,,,,,,,,,,,,,,,,,,,,,,,,,,,,,,,,,,
AIA,Anguilla,MtCO2,,,,,,,,,,,,,,,,,,,,,,,,,,,,,,,,,,,,,,,,,,,,,,,,,,,,,,,,,,,,,,
ATG,Antigua and Barbuda,MtCO2,,,,,,,,,,,,,,,,,,,,,,,,,,,,,,,,,,,,,,,,,,,,,,,,,,,,,,,,,,,,,,
ARG,Argentina,MtCO2,,,,,,,,,,,,,,,,,,,,,,,,,,,,,,,,112.06960488965927,120.55846570517055,127.80728988747022,123.22942706185613,127.044316337675,129.8186918240351,136.80440515835792,143.8000680567935,146.999811944465,149.2060061925554,140.20157417187974,129.22287314094032,82.40691401329236,108.1098206209989,126.734915708973,134.64743886627917,149.70862428713986,155.7588204956014,170.80474490065103,160.5413261876347,175.1335133400545,183.3280358398929,188.7656462218043,194.29191848739933,192.93063534325753,202.3037705207497,195.33784623766454,195.53667708705055,184.92475004302386,166.7203771165471,
ARM,Armenia,MtCO2,,,,,,,,,,,,,,,,,,,,,,,,,,,,,,,,6.043343512426843,4.572711420071264,3.712704601089257,1.8380639283228604,1.7899638939748097,2.7231343457163635,2.906677008045316,3.9503738088188,3.9697025514933966,5.13077288361539,4.018408294942323,4.122031902813147,3.7141910485478333,4.244175318766277,4.32280681726476,5.388618177166657,5.34320595862647,7.420055809999801,6.680486753629406,5.848073702873051,5.487474333125363,5.729296992138242,6.322659432130873,6.248749346403667,6.228918249369163,5.985947184451007,5.553682840106537,5.7137410902427535,6.080380135828386,5.475767896467183,
ABW,Aruba,MtCO2,,,,,,,,,,,,,,,,,,,,,,,,,,,,,,,,,,,,,,,,,,,,,,,,,,,,,,,,,,,,,,
AUS,Australia,MtCO2,,,,,,,,,,,,,,,,,,,,,,,,,,,,,,,,246.08608976463162,247.69712811590594,249.96306222067804,251.48294795504066,262.80968333304924,266.12897185847464,273.44136426145036,282.906312312492,300.2341876960734,298.2379878685328,291.55479014391733,298.3982641704867,320.9895212050729,334.4932242546598,347.6469546656385,342.8610339787413,361.82522347608966,372.89352106510904,367.95465728702266,384.34048580415765,383.7317538481423,393.1569710947743,410.5941168153624,387.94682897884104,396.798761059019,397.5877764775987,389.44974299218165,388.28451942304196,378.8008528131997,375.730465401522,
AUT,Austria,MtCO2,,,,,,,,,,,,,,,,,,,,,,,,,,,,,,,,88.05306284780683,89.7904880243426,91.70609936742284,87.8501065646853,87.61266694335063,91.62388708059473,99.13910206499419,93.77430455311087,97.24256621394994,95.7309402088578,96.63470609787242,99.11169387585437,99.4797343549141,100.87648516985014,103.8120963944548,106.22551670197025,108.32255058829564,102.86278287634029,101.33502131112617,92.8488672287561,98.61380217685517,101.61026861159496,96.23518092459261,94.28518760643804,91.15857006201293,92.01007164307384,92.63135319928672,95.06145974486151,93.15090282333477,91.68783621507951,
AZE,Azerbaijan,MtCO2,,,,,,,,,,,,,,,,,,,,,,,,,,,,,,,,28.498598773987652,21.916491835483594,13.917343833155217,24.40092154563844,19.289488830584173,23.38855078718125,28.584296645398524,25.813718306382526,30.196813625918647,26.75193948994574,25.70173747842206,26.08452115700079,29.58409264761896,33.57518765108248,36.10125439932832,34.610272103119236,39.7987695271221,31.25196579248531,35.18011961556514,31.5652994725985,30.18083413115848,32.60593645831775,35.698889737016145,37.283568785953236,39.6683726962259,40.6183573478694,39.28081154027873,39.262408997691736,39.187631374568966,40.399845601749334,
BHS,Bahamas,MtCO2,,,,,,,,,,,,,,,,,,,,,,,,,,,,,,,,,,,,,,,,,,,,,,,,,,,,,,,,,,,,,,
BHR,Bahrain,MtCO2,,,,,,,,,,,,,,,,,,,,,,,,,,,,,,,,11.609650503979623,11.924947066586034,11.443638973733782,14.024762591863285,14.44319306139446,14.327216866324633,14.596586354468286,14.318552853158401,16.151052655439603,9.769460667242027,12.616527488200205,11.15045284280928,12.158836278512148,11.294056726527485,11.053040837112157,12.883011041323208,11.06798396524073,14.81715440494927,16.73321930645845,18.452334660289605,19.489200348595045,14.46790226537535,12.512529334258469,13.469163595904682,14.563661237310642,17.123965627718402,18.08951170240896,18.52359886249268,18.201498161516707,18.967352682086783,
BGD,Bangladesh,MtCO2,,,,,,,,,,,,,,,,,,,,,,,,,,,,,,,,18.1067618736818,19.184049178023145,20.51628613359259,20.804890900044864,22.971905651902826,26.112630195620138,27.02953213063547,28.906288518810374,28.798209622949216,29.934567791058626,32.721680598850945,40.333212872047696,37.45072571246417,46.09160185943903,47.63970017796953,48.9805558664367,52.25720086590704,55.969741829633506,57.01075461417417,62.20064248400346,70.57499200503656,75.40980492959356,78.43437890502061,85.25287074862396,88.92891289876734,94.60118128034604,96.86150966388637,101.99693153862556,105.5694177416219,115.7510429009583,
BRB,Barbados,MtCO2,,,,,,,,,,,,,,,,,,,,,,,,,,,,,,,,,,,,,,,,,,,,,,,,,,,,,,,,,,,,,,
BLR,Belarus,MtCO2,,,,,,,,,,,,,,,,,,,,,,,,,,,,,,,,60.15302030451414,63.30761671555566,44.24955219411797,37.32091041957593,28.825186040515884,33.68940682256006,47.033799881937,44.68451840987933,70.6997730298552,66.657329565717,65.32565413468525,61.277396582873905,63.72273294801883,61.5213337626624,63.990804725143995,60.219834091006334,67.45474487662055,70.58671971870126,76.75655658153009,54.25705970278256,60.51455471247926,50.48870761605256,63.48775905099907,66.15661320150153,66.97256017096699,63.1571994835408,61.3492705554377,61.19548005771273,64.34456283492197,63.55550239846023,
BEL,Belgium,MtCO2,,,,,,,,,,,,,,,,,,,,,,,,,,,,,,,,154.51946199185613,155.4435814119705,171.9948521109185,162.31264433638873,161.58854076324997,165.86655481671184,164.62265182285668,169.7279632626809,180.6147934165674,184.87324896803764,188.7394450916447,186.75993166348576,198.28793747277243,196.45687937359256,218.14405670667648,214.18919953024988,223.6150161737162,226.4732365269631,209.26030831284223,177.87535471784136,192.9232545428639,205.49499908698309,184.43122496004798,182.0445375734656,176.9202662588764,175.66721694792236,170.47454852966524,171.53622818544042,176.80348092426289,171.66321989253322,
BLZ,Belize,MtCO2,,,,,,,,,,,,,,,,,,,,,,,,,,,,,,,,,,,,,,,,,,,,,,,,,,,,,,,,,,,,,,
BEN,Benin,MtCO2,,,,,,,,,,,,,,,,,,,,,,,,,,,,,,,,0.9525641195564045,1.063525100432784,1.1178749623352409,1.2692027364320553,1.4753716556387966,1.5444395357183358,1.6702947940254145,1.8875737112970468,2.001115925506958,2.04355786066278,2.4863644888847345,2.787018942187707,3.286850292885863,3.869310034104496,3.659211409901315,4.769997193533953,6.142758048953167,6.343948450384601,7.173691974911111,6.7731108156323705,7.1496858451952265,8.71702957745334,7.405740902573236,7.805948904039695,7.4843449973726495,7.918763260858083,8.407910943738496,8.755842829947069,9.135245952061789,9.325138785718396,
BMU,Bermuda,MtCO2,,,,,,,,,,,,,,,,,,,,,,,,,,,,,,,,,,,,,,,,,,,,,,,,,,,,,,,,,,,,,,
BTN,Bhutan,MtCO2,,,,,,,,,,,,,,,,,,,,,,,,,,,,,,,,,,,,,,,,,,,,,,,,,,,,,,,,,,,,,,
BES,"Bonaire, Saint Eustatius and Saba",MtCO2,,,,,,,,,,,,,,,,,,,,,,,,,,,,,,,,,,,,,,,,,,,,,,,,,,,,,,,,,,,,,,
BIH,Bosnia and Herzegovina,MtCO2,,,,,,,,,,,,,,,,,,,,,,,,,,,,,,,,,,,,,,,,,,,,,,,,,,,,,,,,,,,,,,
BWA,Botswana,MtCO2,,,,,,,,,,,,,,,,,,,,,,,,,,,,,,,,2.7023333333333333,2.6363333333333334,2.7793333333333337,3.1973333333333334,3.0323333333333333,3.047,2.7573333333333334,2.8013333333333335,3.344,3.1606666666666663,7.687481018739867,6.98508048833331,3.23065870079971,12.2512542024048,9.06461208437983,7.540983631306033,7.567333384290863,9.780821970568587,11.96800986344744,5.293581864572723,6.790182946695206,5.032112871080094,5.9268761828850565,16.098248009056622,17.604357008056574,16.103031597594846,16.945014580678137,17.71763965423958,18.160979935969863,18.442475055226456,
BRA,Brazil,MtCO2,,,,,,,,,,,,,,,,,,,,,,,,,,,,,,,,245.38590472324208,252.01610887806353,254.01823709566884,262.74056511379564,275.50045160260953,297.5840480410677,321.7851176238017,342.20172803662996,349.00754502004565,332.787233787514,350.67791616273604,343.7169217111813,332.415892301827,326.53952426604815,338.79629953979116,352.854182886367,365.45795433958875,398.14225818026733,442.94037122632363,407.42765928661134,485.32575716701996,514.047929144123,543.0888513801079,574.421645560499,598.315867444944,549.453267199089,515.678460096338,525.0503892392734,502.0071621636684,504.3473813324613,
VGB,British Virgin Islands,MtCO2,,,,,,,,,,,,,,,,,,,,,,,,,,,,,,,,,,,,,,,,,,,,,,,,,,,,,,,,,,,,,,
BRN,Brunei Darussalam,MtCO2,,,,,,,,,,,,,,,,,,,,,,,,,,,,,,,,4.453303124157469,4.045669917431891,4.361374404697787,4.644640749339726,4.869624751431293,4.750042929317987,5.51597014828739,3.7779502697471337,5.20660525854304,3.0982159011177917,3.116819182444018,3.0357451629187904,3.0792146040730692,4.489216069630124,4.2355707699986995,4.192446093242183,4.535785809601897,6.800439423523937,6.94892252677392,6.429547616521407,6.5140125656420835,7.726376747212861,8.33625666582434,8.488908537156485,9.072258780775373,8.178212141726,8.45452524828923,10.01896546251205,10.06677902577655,9.974475417345634,
BGR,Bulgaria,MtCO2,,,,,,,,,,,,,,,,,,,,,,,,,,,,,,,,61.31650854693796,44.71618426053607,42.18922925238193,45.48929637619913,41.585001325440835,46.54807547731036,48.513431953836296,46.26808718307013,45.664459344574766,41.20091311062026,44.598058395886234,45.8055128840716,43.36901205127956,46.43440216280359,45.64516736179217,47.47388507404913,50.826744608748896,52.359027543381536,53.26360352262473,44.12059384682694,42.87495720687227,45.644344746528,43.71414146147876,38.02127775206383,39.53590304030033,41.17571368006103,38.82577986758973,40.0694383184403,39.37676667481187,38.4242638099221,
BFA,Burkina Faso,MtCO2,,,,,,,,,,,,,,,,,,,,,,,,,,,,,,,,0.8124540126971619,0.8564129004548334,0.8696929429848513,0.8714382071489783,0.897546805517857,0.9218299193850888,0.97522269735957,1.1189489628616383,1.6815236989142315,1.9979009141640416,1.4765120638803222,1.652004104414796,1.6804262121939602,1.9127547905466147,2.3400665526007183,1.6216237295404925,1.8038610511734081,2.201794758889385,2.4529670450683567,2.7828607509063903,2.8441617750734287,2.7135615992145206,2.9985635569657023,4.04898196137897,4.097208965581453,4.39510678564166,4.490107756504553,5.032142546369069,5.35176937764249,5.4471210700897466,
BDI,Burundi,MtCO2,,,,,,,,,,,,,,,,,,,,,,,,,,,,,,,,,,,,,,,,,,,,,,,,,,,,,,,,,,,,,,
KHM,Cambodia,MtCO2,,,,,,,,,,,,,,,,,,,,,,,,,,,,,,,,1.8697113083172006,1.9507516878706745,2.045976504056918,2.00561091152851,2.095387389306563,2.0525127428422576,2.2873337685682986,2.254071100400647,2.8046826156147335,2.704568631310208,2.7870781860271236,3.364688374135007,2.6079897707110393,4.711500528057143,4.869322107879129,6.064231309769344,6.7436283197111395,7.347262106489066,8.06338495095485,8.173490932599666,9.988048523855893,11.050169400627903,10.86948682128804,12.89859048858776,13.611466549228352,14.953601895485662,16.02206403297489,17.84231726819828,18.04606295731554,19.877428492006544,
CAN,Canada,MtCO2,,,,,,,,,,,,,,,,,,,,,,,,,,,,,,,,485.91761857280034,484.9458617119637,498.39564577239804,485.9484768334533,491.42888774752663,499.86497987331404,509.53051598865164,541.7150478887473,545.5191696525377,543.5454559072047,564.8781624448123,543.863943490505,566.611617407473,546.1586451318396,562.8246502532501,576.860209905551,567.030481693456,600.1137887811514,584.232895504918,561.6747112247809,597.1878272786727,565.801091165167,603.2457592562756,605.9563414685366,595.1257569451664,577.739411207761,559.8379084731326,571.1731736824044,580.8653027104509,575.8251182357886,
CPV,Cape Verde,MtCO2,,,,,,,,,,,,,,,,,,,,,,,,,,,,,,,,,,,,,,,,,,,,,,,,,,,,,,,,,,,,,,
CAF,Central African Republic,MtCO2,,,,,,,,,,,,,,,,,,,,,,,,,,,,,,,,,,,,,,,,,,,,,,,,,,,,,,,,,,,,,,
TCD,Chad,MtCO2,,,,,,,,,,,,,,,,,,,,,,,,,,,,,,,,,,,,,,,,,,,,,,,,,,,,,,,,,,,,,,
CHL,Chile,MtCO2,,,,,,,,,,,,,,,,,,,,,,,,,,,,,,,,32.24208945763986,31.07822807030938,33.365912539898105,35.60050095791882,38.069227471167935,41.2204898627159,48.34459154099593,54.74813293392557,56.230253767558565,60.201272150491626,60.112505673626266,54.705693978518006,59.494817703646966,55.751967712588765,58.40959558886357,62.9463022767623,66.35492771301459,70.57020357489924,78.48018781102316,65.41359718130637,74.3573550027693,83.4770167677721,90.44386958223394,91.83694172932435,87.41187678488649,90.3944524900736,91.3033803225775,91.35434822715813,92.89356283659576,93.71645615711098,
CHN,China,MtCO2,,,,,,,,,,,,,,,,,,,,,,,,,,,,,,,,2322.128792490518,2401.954367245033,2578.91304934681,2759.56896474618,2749.1421963517055,2992.94414109988,3123.1496248778653,3055.937112704527,2958.0215113987815,2995.083294867983,3043.6307109395034,3188.4585643814457,3426.7961432922802,3833.871059184173,4327.574271555187,4757.5831650994905,5056.043205291907,5485.45425672486,5983.345200643763,6733.995063349731,7303.081385618151,8069.203224529774,8373.274093941718,8605.40476911423,8703.827519184968,8686.898234725113,8706.74890727884,8895.14647458745,9291.824858393733,9449.707366138931,
COL,Colombia,MtCO2,,,,,,,,,,,,,,,,,,,,,,,,,,,,,,,,63.312294136915625,61.39672139006524,68.0019644002039,69.98226511490977,73.73693991675513,67.2995504986519,67.47847092654837,72.82564711336273,72.90012032982433,58.114517882365995,58.9896145462756,59.10844619178656,63.177949459873595,59.66200361036373,58.03018793637157,65.26155177569024,69.83565868093429,70.79574571906797,76.873304545851,77.6569419522028,84.34749225281978,86.1426756845666,92.20395689430897,100.0525923440912,101.82724498975051,103.31915297138893,103.86193742549716,97.96704256442364,96.97487177016357,100.62485471418672,
COM,Comoros,MtCO2,,,,,,,,,,,,,,,,,,,,,,,,,,,,,,,,,,,,,,,,,,,,,,,,,,,,,,,,,,,,,,
COG,Congo,MtCO2,,,,,,,,,,,,,,,,,,,,,,,,,,,,,,,,,,,,,,,,,,,,,,,,,,,,,,,,,,,,,,
COK,Cook Islands,MtCO2,,,,,,,,,,,,,,,,,,,,,,,,,,,,,,,,,,,,,,,,,,,,,,,,,,,,,,,,,,,,,,
CRI,Costa Rica,MtCO2,,,,,,,,,,,,,,,,,,,,,,,,,,,,,,,,5.1295381546094765,5.202169580554981,5.703554711744157,5.7304859388043665,6.861837993968869,6.70076522654044,6.543868585243989,7.101744332999506,8.206679700019498,10.854877966153282,9.715560730706821,10.32915505931584,15.383678577893669,11.615557101383546,12.178929189229882,13.227543372863272,11.520959500168324,13.080501005053021,13.36641644287301,11.371657024273185,12.389138162447898,13.584683306281741,13.971709385365344,13.345158623153793,13.285615320176907,12.543664254997848,12.53125681646839,12.916390690972927,12.995163808237196,13.203866500410667,
CIV,Côte d'Ivoire,MtCO2,,,,,,,,,,,,,,,,,,,,,,,,,,,,,,,,5.938602732853963,5.557205898102613,5.815552459124468,6.558541651845773,5.31239347952269,7.07649843787128,6.663770024797124,6.4496685546084365,8.44274823215901,6.235520848246288,5.62664821193673,6.341483014680111,5.10846859197631,6.8884270545071296,7.472833550491612,8.309364307587382,8.280343642317925,7.747175211675459,8.494227797780853,7.570731959648513,8.095597761514304,8.183109432015613,10.26987183594735,15.102237448933508,15.425298875834578,14.482105249845715,16.161525500724707,16.294118035898045,15.464182155622899,15.402526447927556,
HRV,Croatia,MtCO2,,,,,,,,,,,,,,,,,,,,,,,,,,,,,,,,21.054244164048225,15.640194904438646,18.037420091698554,18.06075853996638,17.54171754668828,19.153052799186053,19.874522353343313,21.128435889480333,20.815206388264347,21.997849330188895,21.55853992060813,24.15323005492485,25.657299552402687,27.609170327316306,27.259300354708255,28.70397140790018,32.12531953978985,31.337455606139724,31.02051683426663,26.861172830773967,25.331696940525106,27.74204552526297,22.93246935122561,22.21318753087753,20.954811390707405,20.921468100871802,21.162928268422895,21.750859170037504,21.339736941059204,21.410837588210143,
CUB,Cuba,MtCO2,,,,,,,,,,,,,,,,,,,,,,,,,,,,,,,,,,,,,,,,,,,,,,,,,,,,,,,,,,,,,,
CUW,Curaçao,MtCO2,,,,,,,,,,,,,,,,,,,,,,,,,,,,,,,,,,,,,,,,,,,,,,,,,,,,,,,,,,,,,,
CYP,Cyprus,MtCO2,,,,,,,,,,,,,,,,,,,,,,,,,,,,,,,,6.709758918174363,6.810667102205816,8.148930508148833,7.448058392819806,7.473421821405613,7.689523516260337,9.036762340254073,8.218636103026286,9.806871450083216,8.230824092384703,9.845568648608916,9.545246593056827,11.456286741625844,10.090554824796014,9.18273756641065,9.66909337423832,9.44417381080536,10.80612445481305,12.26492016098525,13.167609439981225,13.37970034435254,11.827318570158594,9.69887559461722,7.8772295658331,7.831143404366297,7.516366123877856,7.4242500625469745,7.735640370417923,7.8814723265513775,7.7845599856945435,
CZE,Czech Republic,MtCO2,,,,,,,,,,,,,,,,,,,,,,,,,,,,,,,,150.95018610668373,130.52909382386466,145.73150019456122,130.54544882010867,124.99034428842977,123.43529606066305,122.28805251855685,118.10742309684083,113.58713451590818,109.70881521251226,118.44804570924822,118.73952607752437,121.6432836969746,119.96305643918492,114.69353671027706,109.57089948186433,119.6175675475077,124.77407447426312,128.23148298691942,113.63497504903795,119.70858095364446,118.73384633425701,110.02131556970069,106.57884429271382,101.9557551871067,103.17779326617107,103.83515316262293,106.02722252143047,107.77195015455037,103.5894142761544,
PRK,North Korea,MtCO2,,,,,,,,,,,,,,,,,,,,,,,,,,,,,,,,,,,,,,,,,,,,,,,,,,,,,,,,,,,,,,
COD,Democratic Republic of the Congo,MtCO2,,,,,,,,,,,,,,,,,,,,,,,,,,,,,,,,,,,,,,,,,,,,,,,,,,,,,,,,,,,,,,
DNK,Denmark,MtCO2,,,,,,,,,,,,,,,,,,,,,,,,,,,,,,,,61.74551435437623,65.53943820866749,68.93138715691946,66.75471970258374,68.59583094217884,67.8952150599294,73.1739308969944,67.70758505969884,65.80751373872903,69.6743217016737,65.53005959509825,65.53059826587854,66.50268083250477,68.31971075248549,69.58111686179316,67.31009126974146,73.58603294649457,69.96021378372033,67.33811525162993,62.26008142804341,62.86081227963314,61.461278073820175,55.541580829367604,55.922895576287665,53.0558419497205,50.87483142549903,51.33664472200917,50.67530160940941,51.5530305167592,47.7794306043395,
DJI,Djibouti,MtCO2,,,,,,,,,,,,,,,,,,,,,,,,,,,,,,,,,,,,,,,,,,,,,,,,,,,,,,,,,,,,,,
DMA,Dominica,MtCO2,,,,,,,,,,,,,,,,,,,,,,,,,,,,,,,,,,,,,,,,,,,,,,,,,,,,,,,,,,,,,,
DOM,Dominican Republic,MtCO2,,,,,,,,,,,,,,,,,,,,,,,,,,,,,,,,9.340508461038187,9.90629208298994,10.828791219014265,11.426849763191171,12.093618591250936,14.900795763976832,16.344167805379,17.65918802299432,19.45659861276842,20.552245327648794,23.254611381916163,23.189162580443565,22.353572288626225,20.75257074383889,17.436173138830487,20.630210114105683,21.219947952460547,23.99377836361708,25.48699909639763,23.399123799574856,24.612775011615117,25.312411736568365,26.322824129961443,25.641165189744907,25.440166834027295,25.88714877027037,26.049310083701997,25.709322008829066,27.187743163896922,28.290890370182183,
ECU,Ecuador,MtCO2,,,,,,,,,,,,,,,,,,,,,,,,,,,,,,,,17.00490981511212,16.460497248677203,20.830550747377064,23.507141081795357,15.123731250999358,22.67315161907422,23.26106168319325,19.393261008197303,24.5968734697752,21.769652354577342,20.88974164125915,25.5725174045231,29.789494879531276,29.956129887718618,31.596952849096983,33.1852161138875,33.58874877033636,38.258014267213035,35.015369406391436,37.53266951011967,42.32314733758027,45.02064478234217,45.8140801009716,47.41563383819314,50.5064174361197,48.7280953235725,47.22256221437846,46.98216030445593,45.843255230132435,44.40708844234703,
EGY,Egypt,MtCO2,,,,,,,,,,,,,,,,,,,,,,,,,,,,,,,,81.8464581557931,78.3548083049468,87.53752700562137,94.21342782908393,89.24425916609023,98.75523506855563,99.6554849315949,111.26763493469946,128.28754659908256,132.5372666444046,138.13178040081604,121.12574788550792,122.85574105668856,138.8893988740621,130.4509077751847,152.92325954163906,158.87694416302682,170.26658276434435,183.0018277876129,198.3505856533817,202.63193707123912,212.46310815280103,221.23554070856076,214.51406085849445,231.9146636052176,229.25819522392746,246.62680868647138,250.95457599252146,228.31508843341112,227.0538965309582,
SLV,El Salvador,MtCO2,,,,,,,,,,,,,,,,,,,,,,,,,,,,,,,,4.02025441213858,4.608095815383536,4.920620469324853,5.3531026326794136,5.963212107829424,6.52831190939807,6.058990262695076,7.211115197114107,8.141842640722194,7.89662842863466,8.220556127336117,8.87524531829529,9.119095406343048,9.388186210153556,9.029920443237833,8.909180504333744,9.331288226956117,9.430916485145685,9.33939318464867,8.17140147386684,8.44029325734958,9.140225366917186,8.753764672358054,8.659947666601953,8.55746413855762,8.608319905668486,8.464521804860771,8.009614308350306,8.3715368348986,8.62215192287284,
GNQ,Equatorial Guinea,MtCO2,,,,,,,,,,,,,,,,,,,,,,,,,,,,,,,,,,,,,,,,,,,,,,,,,,,,,,,,,,,,,,
ERI,Eritrea,MtCO2,,,,,,,,,,,,,,,,,,,,,,,,,,,,,,,,,,,,,,,,,,,,,,,,,,,,,,,,,,,,,,
EST,Estonia,MtCO2,,,,,,,,,,,,,,,,,,,,,,,,,,,,,,,,31.729965893518084,29.88587384025375,23.792032590187365,17.750174435918467,16.464750539801376,15.626418584326549,16.805863459294105,15.85220233270784,17.337592644951666,20.04132020904805,18.593147480314364,18.096735823030773,19.22714263109798,20.77510958131297,18.439221420560745,19.00006308717975,20.096157092063837,21.202199923321707,17.866457755556443,15.058444975434996,17.66528341685437,19.53125498225884,18.409023198957744,18.451296506302807,18.049086714548196,16.58123940187858,17.293725469999476,18.28637674631607,18.462096741872227,14.934499112503886,
ETH,Ethiopia,MtCO2,,,,,,,,,,,,,,,,,,,,,,,,,,,,,,,,3.901963970009453,3.954611109865496,4.0320742665771325,4.04997318827805,3.3328856110059255,3.6708297591480163,3.9796462622031132,4.38704851774079,5.149333105811217,5.0951658965933,4.9790074239903435,5.855092509330607,5.903441682362144,6.757315117254643,6.952549143946413,7.768428807150038,8.566306434364728,8.51735736123547,10.022778939711488,11.244608922220777,9.94313912284253,10.394359672668108,13.84170361451691,15.798027092083133,17.66937691281851,18.05153233995529,19.54519020966204,20.520041437431836,21.56762376162702,21.593852399499198,
FRO,Faeroe Islands,MtCO2,,,,,,,,,,,,,,,,,,,,,,,,,,,,,,,,,,,,,,,,,,,,,,,,,,,,,,,,,,,,,,
FSM,Micronesia (Federated States of),MtCO2,,,,,,,,,,,,,,,,,,,,,,,,,,,,,,,,,,,,,,,,,,,,,,,,,,,,,,,,,,,,,,
FJI,Fiji,MtCO2,,,,,,,,,,,,,,,,,,,,,,,,,,,,,,,,,,,,,,,,,,,,,,,,,,,,,,,,,,,,,,
FIN,Finland,MtCO2,,,,,,,,,,,,,,,,,,,,,,,,,,,,,,,,80.27285526266674,74.15906707475567,102.43144760963253,84.3832116431447,77.82558826827804,74.78824090845727,74.40904107036657,73.30045287773818,71.433660300805,73.96641604220072,74.54274991361955,77.8824756383993,77.1886449927912,87.0367814739533,90.04784276885245,81.666039792194,94.24976745915573,94.11648994436443,85.52335917252306,72.36170107911177,83.24303895703987,76.0261507747764,72.57792656182788,69.69495617575811,67.57151413831207,65.15144054669946,65.6802625239343,63.94083170970696,67.7417805731502,62.50613937156417,
FRA,France,MtCO2,,,,,,,,,,,,,,,,,,,,,,,,,,,,,,,,491.1644350213334,503.00958114374,541.5917203047376,501.65365891958163,489.96646671575536,499.5304712838037,504.2915335894627,490.50985427587733,511.6477995054726,512.5903586541357,521.3593065869687,517.880092443791,518.7345573775787,520.2088041265683,546.1871246288894,542.5887385500047,532.0614311807997,550.144869172602,538.9209392652507,503.45528985576726,507.65940758895636,531.1521015676223,475.99624137493265,467.61239611884963,441.22582460943795,434.6362932352504,431.7739203463473,441.10576924739235,434.885376374636,422.50968357453166,
GUF,French Guiana,MtCO2,,,,,,,,,,,,,,,,,,,,,,,,,,,,,,,,,,,,,,,,,,,,,,,,,,,,,,,,,,,,,,
PYF,French Polynesia,MtCO2,,,,,,,,,,,,,,,,,,,,,,,,,,,,,,,,,,,,,,,,,,,,,,,,,,,,,,,,,,,,,,
GAB,Gabon,MtCO2,,,,,,,,,,,,,,,,,,,,,,,,,,,,,,,,,,,,,,,,,,,,,,,,,,,,,,,,,,,,,,
GMB,Gambia,MtCO2,,,,,,,,,,,,,,,,,,,,,,,,,,,,,,,,,,,,,,,,,,,,,,,,,,,,,,,,,,,,,,
GEO,Georgia,MtCO2,,,,,,,,,,,,,,,,,,,,,,,,,,,,,,,,9.963583445617415,11.39117194038505,9.483153802611719,8.078058015103705,4.915333255802053,2.2584248236645625,8.218923541330481,6.989817460162276,7.5582695916853035,6.012349691585783,5.586173359444296,5.40846585406677,4.988361815439603,5.75311220809798,6.727440820359674,7.705016831413037,8.97290111821422,9.574581909254706,9.14730185351763,7.712746426318266,8.227470438385037,9.359505046746984,10.608069477086802,10.632897976670163,11.344166380600901,11.494185673099691,11.55790772313056,11.360069947301717,11.345817125268452,10.613541499942848,
DEU,Germany,MtCO2,,,,,,,,,,,,,,,,,,,,,,,,,,,,,,,,1190.6167864575784,1139.8507352647287,1199.481751114042,1154.653581073234,1128.6855334991535,1136.2074444451096,1118.4923067045604,1075.0247479618754,1079.7832055157032,1088.3753442168165,1093.2934472934614,1088.283451759812,1058.8132143738342,1066.0666074818541,1070.8469489477832,1050.7448307297407,1079.407027950108,1022.460373246598,1012.1094407916103,932.0282296938213,978.6482398655636,979.0912920076274,923.050502627011,923.4825353428768,889.5051438871693,876.230446863266,874.5110763601593,873.009265308422,862.4876007796325,825.3399873827315,
GHA,Ghana,MtCO2,,,,,,,,,,,,,,,,,,,,,,,,,,,,,,,,4.839890487572764,5.275930115727077,4.791192478128247,5.413342214743577,6.218175895184807,6.364176517257974,7.515470604164452,8.85192859967702,8.702254930751103,9.344217041289387,8.92855913726139,9.539289472814128,9.750625676321127,10.83997300789403,11.913911087637238,12.296693137036916,13.927324512666033,15.048515592072746,14.963549528952276,12.898507457280902,14.777931686912533,18.381859363152817,22.438846410457728,21.055446796321267,21.016695814691793,20.713516594224593,20.644065265528944,18.242888704599423,20.79704494667019,20.570884135416854,
GRC,Greece,MtCO2,,,,,,,,,,,,,,,,,,,,,,,,,,,,,,,,96.14811009432457,95.24761019908787,104.01713771672593,98.99510725260164,99.00312488126097,100.29838664818317,98.610114218099,100.19933477399964,107.75943415322543,103.66065059408447,108.96467084209705,109.75794235266373,112.39849102395651,98.11484804246034,95.87739973764333,97.19722566414703,101.33283212614539,98.82264532932989,99.68032199082027,111.42673980667938,97.79969705680129,86.72486578015076,80.76892318314528,69.75787754959431,65.66874192295194,63.30064570365139,61.41266538930379,61.433481669265205,58.323677134795595,53.793445607351266,
GRL,Greenland,MtCO2,,,,,,,,,,,,,,,,,,,,,,,,,,,,,,,,,,,,,,,,,,,,,,,,,,,,,,,,,,,,,,
GRD,Grenada,MtCO2,,,,,,,,,,,,,,,,,,,,,,,,,,,,,,,,,,,,,,,,,,,,,,,,,,,,,,,,,,,,,,
GLP,Guadeloupe,MtCO2,,,,,,,,,,,,,,,,,,,,,,,,,,,,,,,,,,,,,,,,,,,,,,,,,,,,,,,,,,,,,,
GTM,Guatemala,MtCO2,,,,,,,,,,,,,,,,,,,,,,,,,,,,,,,,6.722718310951134,6.742811421526657,8.039439673307497,7.53027631697143,8.57341972860131,9.090736146682483,8.699546522461667,10.149442965114421,12.02003791836947,12.179200857493305,12.949578440115019,13.935348930130724,15.804665794501979,13.945553683067123,14.65965023000632,16.349322206368104,16.895738023458836,16.864835065278125,16.192250032482114,15.449968032765495,15.983347994123475,17.495655369797515,18.052045867508472,18.899354719135292,19.5979527092063,20.97463730235012,21.604377640820957,22.038711969446258,23.50547887818372,26.144573132734575,
GIN,Guinea,MtCO2,,,,,,,,,,,,,,,,,,,,,,,,,,,,,,,,1.0046666666666668,1.0266666666666666,1.0596666666666665,1.089,1.1256666666666666,1.1660000000000001,1.2356666666666667,1.2906666666666666,1.3639999999999999,1.4336666666666666,1.492333333333333,1.562,1.6243333333333334,1.7013333333333334,1.7636666666666665,1.8259999999999998,1.8920000000000001,1.969,1.9983333333333333,2.1119999999999997,2.486,2.5959999999999996,2.423666666666667,2.1119999999999997,2.167,2.453,2.7463333333333337,3.2413333333333334,3.6886666666666668,3.719655043444303,
GNB,Guinea-Bissau,MtCO2,,,,,,,,,,,,,,,,,,,,,,,,,,,,,,,,,,,,,,,,,,,,,,,,,,,,,,,,,,,,,,
GUY,Guyana,MtCO2,,,,,,,,,,,,,,,,,,,,,,,,,,,,,,,,,,,,,,,,,,,,,,,,,,,,,,,,,,,,,,
HTI,Haiti,MtCO2,,,,,,,,,,,,,,,,,,,,,,,,,,,,,,,,,,,,,,,,,,,,,,,,,,,,,,,,,,,,,,
HND,Honduras,MtCO2,,,,,,,,,,,,,,,,,,,,,,,,,,,,,,,,3.2228407516515687,3.2903881071055756,3.68768693413505,3.6864304519143936,3.9079347597428598,4.3392540966665365,4.6842099020600765,5.324464578859214,6.14489745434411,6.746340031935277,7.622746144906677,8.305905364530181,9.596450344643102,9.140692334958873,9.110631628999963,9.411796224195603,9.781811865041186,10.60512999142234,10.743646155796364,9.857238727024773,10.197051287675928,10.305132178372716,12.129812558133416,11.75645630148704,11.796083188559122,11.942582852133926,11.4198092928546,11.102173242473098,12.302656702947381,12.804684393058912,
HKG,Hong Kong,MtCO2,,,,,,,,,,,,,,,,,,,,,,,,,,,,,,,,87.7566307456993,93.92480042239214,102.10079223170273,97.98772655543227,124.5393902976652,130.08181472331322,126.62956930543152,142.26409430025612,119.59134405694482,105.93490603140941,111.75094688438486,116.73205732893723,103.77395069591769,97.39976906545711,87.58117836048973,97.46547076261527,102.11484183066466,86.55786982327395,94.75623233132796,85.13359072588113,91.28346721458581,82.11440190278967,112.79057325702063,118.37548009717979,116.79250433920815,110.06368961258842,104.91626823830019,106.74619907447907,108.97281622204781,108.3061213262237,
HUN,Hungary,MtCO2,,,,,,,,,,,,,,,,,,,,,,,,,,,,,,,,89.56572709784626,81.90246822731343,92.06429535637619,85.0212587298261,77.96865721818874,74.46416276836277,69.7240046700021,68.75940299666534,69.98335078083029,71.09764877473391,70.19685987627244,72.26189984400493,76.383642000721,81.5396447393572,77.88720148672722,77.84294031933577,82.87539843595283,81.2993478041591,81.45307471461673,67.6509913125354,69.57159341570754,69.04065694227937,63.7988955222674,62.266408481108336,61.75311530669013,63.49473539337243,62.94482305389814,65.51888007102865,67.1265956813727,65.50466792211063,
ISL,Iceland,MtCO2,,,,,,,,,,,,,,,,,,,,,,,,,,,,,,,,,,,,,,,,,,,,,,,,,,,,,,,,,,,,,,
IND,India,MtCO2,,,,,,,,,,,,,,,,,,,,,,,,,,,,,,,,578.3830727278523,599.6907424456557,649.077548793564,654.4619711850073,687.8369960883227,722.73474022893,770.8226635601909,806.0211275735886,822.933231772542,906.5924955803247,897.6791120635213,921.664071795929,940.9327896379142,991.1206210117007,1054.8178673566088,1096.607458659647,1180.8063506891042,1278.326596011333,1364.8642544404267,1540.809176592829,1589.8511706673237,1665.2720725180063,1823.7332953857967,1829.8377008893447,1982.7060390548875,2079.714529663382,2180.1129368175,2244.8539687241105,2364.995146655317,2412.227032770621,
IDN,Indonesia,MtCO2,,,,,,,,,,,,,,,,,,,,,,,,,,,,,,,,143.72388128270296,165.40603298237517,188.79812135845282,198.70842192451104,203.24319675756178,208.5458833107771,231.881753456639,248.8615331395996,140.57553269145612,211.6334535240552,237.79035681614366,258.98323365998084,284.1499326095353,313.1360969210735,314.5292171529552,321.1814839693614,329.4441184133689,370.5144073046974,369.1306821387423,404.2226325199993,454.15274795718665,505.9994041601474,541.018041892295,520.5937749354944,523.4704856002489,570.5555083382513,580.057449740703,590.6085741474159,626.2410518764804,673.848252024794,
IRQ,Iraq,MtCO2,,,,,,,,,,,,,,,,,,,,,,,,,,,,,,,,,,,,,,,,,,,,,,,,,,,,,,,,,,,,,,
IRL,Ireland,MtCO2,,,,,,,,,,,,,,,,,,,,,,,,,,,,,,,,39.469366588129866,40.99072773542047,42.4230372435892,40.242806007844,40.93743402547883,41.857320547141,49.18277814292187,48.656247517641134,48.80046272978286,54.277103513349935,55.8926866912117,56.78645349492573,57.706468752809066,63.65160687053813,67.1775565257126,70.86103568895597,70.49928662333407,69.35306583232243,63.32431753321777,52.004416120556165,48.64659070584463,47.05664132835491,45.897228777767765,45.22124832677284,43.597798122155204,41.57955393790366,42.6252942488637,42.33729705157884,42.061978543755494,41.2646407956673,
IRN,Iran,MtCO2,,,,,,,,,,,,,,,,,,,,,,,,,,,,,,,,202.50323240557591,217.5659290567206,219.5519276588187,213.6974739120749,234.83530477439854,250.3090969000871,261.99523391293815,266.8128751957119,308.2690315673364,330.2260186385197,319.19303818954495,348.21924060289626,340.9381922834254,404.32590939014636,424.9726747921673,434.13108202434665,469.002465760059,497.4490562758897,510.2127853393487,527.232844110379,551.2175110429387,551.5290401668997,558.1176809292921,553.356316679265,593.7822989324197,591.1705976619447,587.8859605898253,643.9817309043066,646.6787908449513,725.4617550877033,
ISR,Israel,MtCO2,,,,,,,,,,,,,,,,,,,,,,,,,,,,,,,,49.73238720223143,50.20820171036193,58.1491820128494,58.3892643571479,61.37565022114459,64.88888554298333,66.94747078393917,69.3683587635588,71.17037243333344,63.33773085299733,66.18813829721684,70.11812095456666,66.43153071087097,77.0376128409987,73.49344705212987,72.3873339322837,77.1409620577255,77.9687081749301,83.09886750545196,76.46826532735574,82.7802507764826,84.94704515660918,90.46133793283326,80.28201307272117,78.55206637737066,79.13571761112856,77.26838238638237,76.67861826730527,79.29149581189539,79.69630466493923,
ITA,Italy,MtCO2,,,,,,,,,,,,,,,,,,,,,,,,,,,,,,,,563.305392883816,558.3576488891024,609.3015462788577,557.1568626000593,539.9453362690713,559.7195712781016,527.20684538665,533.8920448849497,545.3839265536127,561.9650030032353,585.0153796131259,573.4448394511613,590.3666589509077,589.7053253683057,614.091767130941,613.1373658935689,634.1172925894766,625.7734445526116,624.2986073619753,550.5561044498203,579.7405553447824,579.6009305415706,522.363287358396,482.74869764695563,466.0159768736084,462.78437823070567,455.57005014621103,458.842113949802,466.79062576211635,450.4737488374787,
JAM,Jamaica,MtCO2,,,,,,,,,,,,,,,,,,,,,,,,,,,,,,,,7.401073476893727,7.380516513874753,7.05135358790951,7.743522796019376,7.57848827096306,8.68406220918137,7.25420097375996,7.914576288747664,9.907557825389803,9.663725604749994,7.485281796945333,10.320898432498536,8.239180465857551,10.639695505866094,11.386533097897797,12.48727250013925,14.545882242153313,14.488218041163423,14.12169521131314,8.87608293838486,9.591727294362913,11.04633581204252,10.598544378394097,10.993726231790939,10.002243049260624,9.544544960570436,8.94136901282702,8.672929692191344,8.62184431513548,8.39587922621833,
JPN,Japan,MtCO2,,,,,,,,,,,,,,,,,,,,,,,,,,,,,,,,1322.9727461115806,1341.630124678338,1429.3539835644776,1400.4059597614569,1471.3806488232356,1503.4248131717432,1494.3880215560669,1469.026495623533,1373.288970527133,1459.4553218965464,1532.8351516320884,1487.4765873047081,1499.0953391651344,1513.7790018781427,1510.6427969439071,1526.3406722824186,1502.2598615824324,1518.2070182322561,1488.154269596764,1364.1420655233212,1432.635529926403,1524.8950949313585,1560.9140356974742,1517.85957243085,1449.479013348762,1385.443183118614,1365.7573801757562,1349.0563194260424,1321.3187132138326,1289.0005688478489,
JOR,Jordan,MtCO2,,,,,,,,,,,,,,,,,,,,,,,,,,,,,,,,15.936830727092586,14.31382523910735,16.950010339558414,16.278743127687846,17.783025338052113,18.180906333272944,15.02490688076554,17.376451026149017,17.90844842436155,16.917940196325702,16.87244130058487,19.924871654441525,21.8284834785798,21.640529425785306,24.59495319172731,27.051600676260964,26.15251061450434,26.023053995477625,27.476420801784204,29.6483600980809,27.490899816560766,28.35741235640218,27.88442962748498,33.74507896199367,34.74244860390773,33.826011498021124,32.376644910719705,34.26914054039729,34.72517251003904,34.135103781884744,
KAZ,Kazakhstan,MtCO2,,,,,,,,,,,,,,,,,,,,,,,,,,,,,,,,291.4501456370519,215.21883609765953,133.3527295089308,172.52748555070673,149.75019704092543,136.77303931169158,121.73791945641187,113.8909161215111,118.00518485744487,102.82048460445081,111.20780741510146,117.92010227302801,126.24968647094028,135.68496002797156,139.80355210810998,155.02717470492303,183.68314899549856,191.80338086124345,181.24885748573854,168.13253657718394,157.6124199589137,148.1558661943646,175.928950890451,195.43929716300917,210.05113388258084,245.84320392444303,235.20053002684958,245.32941470930746,239.65386182269182,228.76924610422483,
KEN,Kenya,MtCO2,,,,,,,,,,,,,,,,,,,,,,,,,,,,,,,,7.96747097897762,7.151358804626191,8.278868417954456,8.602573706704634,8.930845950647647,10.160429535888609,9.38397485572195,9.128840525509174,12.993493160030901,11.387795064956565,10.206015431203937,10.394880240487858,7.2958968583594865,9.48103772043406,10.628418233673644,12.270309700060428,14.056643388136067,14.469363131357383,15.16676335827158,18.451809516558736,17.913401953978887,19.600748518543135,19.803791656373814,23.547382646808533,24.116109101383056,25.500945018476624,26.115072141592098,25.85972280576384,27.995522439508914,28.05994884963006,
KIR,Kiribati,MtCO2,,,,,,,,,,,,,,,,,,,,,,,,,,,,,,,,,,,,,,,,,,,,,,,,,,,,,,,,,,,,,,
,Kosovo,MtCO2,,,,,,,,,,,,,,,,,,,,,,,,,,,,,,,,,,,,,,,,,,,,,,,,,,,,,,,,,,,,,,
KWT,Kuwait,MtCO2,,,,,,,,,,,,,,,,,,,,,,,,,,,,,,,,39.201712406518574,22.513633067257825,33.638293764693714,48.23144381167163,52.81017192284753,51.995350789305725,44.00252361750813,47.9839425817191,53.48655079993134,43.81859143776913,30.618175069024513,39.16104010039063,42.005355908436066,51.7609186585392,53.54323880670637,58.048828071501305,62.270142662681074,68.74654235526476,73.57688482025384,72.6709713736842,74.93122063953349,70.5139767829332,75.3889800326333,72.5537234655211,69.1492486492159,86.27000578724073,95.84564956318404,89.9610483678786,88.05488435654974,89.7544431397922,
KGZ,Kyrgyzstan,MtCO2,,,,,,,,,,,,,,,,,,,,,,,,,,,,,,,,19.372264653141254,17.00209390620393,17.372872238273604,12.671255725615923,10.020949840816199,9.898912680992757,8.48045075133509,5.489350269548493,9.975067846239577,5.628115717791709,4.81834216250068,3.9921813992175132,4.624523053363107,6.06692296282358,6.6792239993289435,7.990872481226323,10.635730584011243,7.430722023345427,8.019117593926634,12.777323573368752,11.901359347409693,13.177061159209934,15.987350064509926,15.962975616955182,16.513908760282963,16.184483579731424,15.113667348201878,15.258251395868543,17.92784630863446,16.745079289847112,
LAO,Laos,MtCO2,,,,,,,,,,,,,,,,,,,,,,,,,,,,,,,,0.8262575390599641,0.890358856095093,0.9465892801182619,0.9728405885573284,1.0684913157718106,1.190536747399065,1.242644905569661,1.2258314342857146,1.275724106642986,1.2326367107555527,1.9190142912550756,1.6132882245050562,1.8327078253195728,1.793668365061353,1.8854341426055958,1.9585260956055446,2.5488834498133675,2.766144652627664,3.2440916052108335,3.9773633648202664,4.402782924557563,5.121526951670874,5.900445404854623,7.794624030846143,7.82708306871601,11.57290509696101,15.606186545897055,18.451665499264653,19.22774353240543,29.985287119640418,
LVA,Latvia,MtCO2,,,,,,,,,,,,,,,,,,,,,,,,,,,,,,,,21.25459371294505,19.579513977749254,17.98537813342582,14.2952170840655,13.451622947336384,12.48387315407089,14.140601319329065,13.686292832941776,13.546612780830507,12.50934968226944,12.564291765041611,12.39735794045815,11.710743898589193,14.53480334663412,14.23154656779559,13.164073596422432,15.250769358484808,16.93146848922426,16.35575835854928,13.053307623759588,13.28237675448222,13.045323481214053,13.273333164808896,12.707128928966485,12.42456795816357,12.290032108455677,12.097110759316585,12.358770656805687,13.278977858416233,12.614727929815219,
LBN,Lebanon,MtCO2,,,,,,,,,,,,,,,,,,,,,,,,,,,,,,,,,,,,,,,,,,,,,,,,,,,,,,,,,,,,,,
LSO,Lesotho,MtCO2,,,,,,,,,,,,,,,,,,,,,,,,,,,,,,,,,,,,,,,,,,,,,,,,,,,,,,,,,,,,,,
LBR,Liberia,MtCO2,,,,,,,,,,,,,,,,,,,,,,,,,,,,,,,,,,,,,,,,,,,,,,,,,,,,,,,,,,,,,,
LBY,Libya,MtCO2,,,,,,,,,,,,,,,,,,,,,,,,,,,,,,,,,,,,,,,,,,,,,,,,,,,,,,,,,,,,,,
LIE,Liechtenstein,MtCO2,,,,,,,,,,,,,,,,,,,,,,,,,,,,,,,,,,,,,,,,,,,,,,,,,,,,,,,,,,,,,,
LTU,Lithuania,MtCO2,,,,,,,,,,,,,,,,,,,,,,,,,,,,,,,,42.4463258520334,45.06112104386676,50.828408033395306,31.276300570881414,27.71815118271793,27.20913889684606,22.19264453546309,21.309862680064345,22.039236429738732,19.573229099774423,18.121891950653147,17.42279424938331,20.741916659840825,20.033902963937575,19.605674985903672,20.022417665378516,23.237716209973758,24.31764552224172,23.260548791392328,19.789426842269478,19.932848646106844,23.15708076514844,21.515062418134193,21.045907589575624,21.26281029545211,21.69871944572655,21.341994883544462,21.517773799277066,22.74792474427099,21.63926996499143,
LUX,Luxembourg,MtCO2,,,,,,,,,,,,,,,,,,,,,,,,,,,,,,,,11.831942892431456,12.452194678694504,12.218590666232977,12.363734875243878,11.550859078132328,9.158374574474804,9.208304612582166,8.560187622323737,7.68151704351735,8.595995359623503,7.7182524313719005,8.356978340959637,9.031390191037245,10.99464499501544,13.179481678492616,14.568690072029574,17.260674333111698,11.013168842811154,25.98228929277069,26.36794097690152,25.22064076669687,10.59076408660776,24.999125467383834,24.356255154977276,23.292497687823943,23.669155020640176,22.83880875623512,23.173337792584537,23.232348125347386,22.450972941047713,
MAC,Macao,MtCO2,,,,,,,,,,,,,,,,,,,,,,,,,,,,,,,,,,,,,,,,,,,,,,,,,,,,,,,,,,,,,,
MKD,North Macedonia,MtCO2,,,,,,,,,,,,,,,,,,,,,,,,,,,,,,,,,,,,,,,,,,,,,,,,,,,,,,,,,,,,,,
MDG,Madagascar,MtCO2,,,,,,,,,,,,,,,,,,,,,,,,,,,,,,,,1.3323488592534265,1.4042614989396291,1.4045764916249552,1.472865530231205,1.6985642653562805,1.7361858025180386,1.5071506501567524,1.7992433648763566,2.269875664078616,2.555852156667678,2.2586575813327827,2.3068711153610395,1.6725920827680643,2.9527270519735342,2.4413805086586886,3.3141365404958214,2.838058882200593,3.228455467898177,4.00952067903211,3.6987098667537333,3.408719049360086,3.6767753695226766,4.37707379033474,4.912571147072673,4.713971811986177,4.6569713324858535,4.5976439880684135,5.223839444880539,5.324923869129993,5.310575402535004,
MWI,Malawi,MtCO2,,,,,,,,,,,,,,,,,,,,,,,,,,,,,,,,1.5197813095280346,1.5456176268356232,1.5411286451514472,1.7198076900509962,1.7555722590934952,1.8143474763688705,2.08726914050226,2.0819521838732906,2.0056505628650516,1.969314512950503,1.765465517744489,1.7211999001458433,2.024420285322611,1.9313607129162793,1.8521481160272018,1.9461588353250632,1.9462169179129927,1.9507666152767065,2.4010744668470227,2.6786576343191424,2.705343674212271,2.5702280123809778,2.1730993316855423,3.007695661491591,2.898005237547545,2.843328688272567,3.015505408229354,3.0540474109420805,3.3559490878656857,3.3409021663207814,
MYS,Malaysia,MtCO2,,,,,,,,,,,,,,,,,,,,,,,,,,,,,,,,65.86884084599792,72.70863124214615,81.30736722915327,86.8905185944202,88.40972582310478,100.12719384734442,102.0507377118603,113.8439979797043,80.22641682392076,95.3762733749155,111.4672624542697,116.02982268614329,126.93515413139623,132.8297911393552,141.909125374683,150.94698695343632,152.57840995597238,157.65028825026948,176.69870740102533,169.81045413552332,192.22288528728083,197.2017273789365,213.1822077149068,242.48727244393157,243.52454560279924,236.40926881517035,244.0522236872056,242.95356068903186,261.1403335025375,266.2759473799817,
MDV,Maldives,MtCO2,,,,,,,,,,,,,,,,,,,,,,,,,,,,,,,,,,,,,,,,,,,,,,,,,,,,,,,,,,,,,,
MLI,Mali,MtCO2,,,,,,,,,,,,,,,,,,,,,,,,,,,,,,,,,,,,,,,,,,,,,,,,,,,,,,,,,,,,,,
MLT,Malta,MtCO2,,,,,,,,,,,,,,,,,,,,,,,,,,,,,,,,3.3555584533309375,3.2085609409068527,3.439707432446824,3.7009753378662533,3.617531496098032,3.663747850325702,3.7821326445184695,3.5408612693143175,4.639191716351683,4.142668786282804,4.682811078289117,4.722806908792023,3.9714289724097633,5.27328780756899,3.5808461768293243,4.371008761832937,5.176905731152466,3.7677270650660297,6.032995783539341,5.78056827929823,5.44688482296453,6.189613158883514,7.5862652350941495,5.556717226232187,5.528754387129894,5.1761374717313435,4.880492032311721,5.128322332166367,5.3546772805201135,5.263062344259684,
MHL,Marshall Islands,MtCO2,,,,,,,,,,,,,,,,,,,,,,,,,,,,,,,,,,,,,,,,,,,,,,,,,,,,,,,,,,,,,,
MTQ,Martinique,MtCO2,,,,,,,,,,,,,,,,,,,,,,,,,,,,,,,,,,,,,,,,,,,,,,,,,,,,,,,,,,,,,,
MRT,Mauritania,MtCO2,,,,,,,,,,,,,,,,,,,,,,,,,,,,,,,,,,,,,,,,,,,,,,,,,,,,,,,,,,,,,,
MUS,Mauritius,MtCO2,,,,,,,,,,,,,,,,,,,,,,,,,,,,,,,,2.5623430183727165,2.6937283913881953,2.986356688274102,3.081659789976808,3.075572064593046,3.331055951554258,3.6820766519501067,3.66532612607678,3.6282070218583127,3.96768727561833,4.38853823645391,4.268637442895467,4.330877991656443,4.700556053404237,4.9077520831119,4.5955551303429525,5.184312661886564,4.933572188033646,5.328092215012307,5.046508007401189,5.0802646579788036,5.898930610852069,5.224718908119004,5.342452315522849,5.302374121069776,5.198592290151921,5.3549127501503335,5.58441635790346,5.772886043916787,5.66105960128753,
MYT,Mayotte,MtCO2,,,,,,,,,,,,,,,,,,,,,,,,,,,,,,,,,,,,,,,,,,,,,,,,,,,,,,,,,,,,,,
MEX,Mexico,MtCO2,,,,,,,,,,,,,,,,,,,,,,,,,,,,,,,,321.3720817323958,338.6379034515173,346.20298092301164,352.4062579250514,364.42204037866696,322.76207186601806,341.6619363369985,379.7548772226184,404.11281286131066,411.84471346197665,436.0082790197603,446.6470474214027,450.0047370140043,472.57554357013004,465.43451139860764,506.86231206016265,521.647400487631,503.0370470139703,519.1630231397097,495.20955445882436,499.43925647675036,514.772744933931,543.724068521304,543.257289457586,532.7470769736902,512.7217970782821,497.1964656553583,480.00338474548903,476.65096570229235,455.67486556809064,
MNG,Mongolia,MtCO2,,,,,,,,,,,,,,,,,,,,,,,,,,,,,,,,9.016854174505761,8.88901410580909,9.244437331862223,6.12430495462313,5.896393473996703,6.008267162954174,7.547741200166384,6.136494334761523,6.472214586427003,6.66051675374734,6.640635610233386,6.901173648890803,7.3780164391998175,8.26959953688363,8.373144879511392,8.715768445203269,9.897892143476223,11.988640285943495,12.92161899558024,13.744687926663795,14.677093766595775,23.1600669699894,35.24380893747894,42.26734051584403,28.683709499278134,23.776539758438613,24.67716037440753,31.041788159583337,42.148816028733336,73.42278036126073,
MNE,Montenegro,MtCO2,,,,,,,,,,,,,,,,,,,,,,,,,,,,,,,,,,,,,,,,,,,,,,,,,,,,,,,,,,,,,,
MSR,Montserrat,MtCO2,,,,,,,,,,,,,,,,,,,,,,,,,,,,,,,,,,,,,,,,,,,,,,,,,,,,,,,,,,,,,,
MAR,Morocco,MtCO2,,,,,,,,,,,,,,,,,,,,,,,,,,,,,,,,31.082544805958065,31.40806898059167,36.11165072617073,35.46172490191283,36.13939153790893,37.059899723309464,33.546179646613076,32.555274662034265,35.29718934281701,38.55018850482104,40.7250764353664,43.0665036804101,47.40346184743143,41.626493564441496,47.03998004399504,50.54434042532527,52.89859915408713,55.16061559928846,60.018708656238196,57.0536600834288,60.07605586798897,62.32677360787386,63.62478892190337,62.942770097365404,62.534758691336435,62.369019703429636,61.44471740270381,64.30072175713816,65.14494810161948,68.64102163509178,
MOZ,Mozambique,MtCO2,,,,,,,,,,,,,,,,,,,,,,,,,,,,,,,,3.132082144836128,2.989167003631556,2.955616390245325,3.324994547746105,3.2961025509069235,3.5073958288058873,2.392757839816531,1.9455802812449594,2.8703625447269085,3.820992698415824,4.170482184266163,3.959569304988183,4.347461194607557,4.339693585856273,4.1575079952067195,4.73890006079083,6.184855332235249,7.517927839877253,8.71018305745874,9.759436713335687,9.156661702635553,10.700326397868507,11.287214220367616,14.454252226867787,18.3135840832417,16.063998246583466,17.637017899167077,17.35257940819887,16.42731439830976,16.89834235715355,
MMR,Myanmar,MtCO2,,,,,,,,,,,,,,,,,,,,,,,,,,,,,,,,,,,,,,,,,,,,,,,,,,,,,,,,,,,,,,
NAM,Namibia,MtCO2,,,,,,,,,,,,,,,,,,,,,,,,,,,,,,,,0.0,1.0559999999999998,1.1513333333333333,1.3896666666666668,1.5730000000000002,1.6206666666666667,1.7233333333333334,1.771,1.8186666666666664,1.6646666666666665,4.849203645266273,5.507807661095886,1.5148415591205746,4.164157209430203,5.345513671509514,5.240847459969147,5.390544680389147,6.146111484891364,7.364532944961133,4.17517391247528,3.9378890094237096,3.8099644395940238,5.06742362005264,7.805704865630394,9.003227326750581,8.715532737504303,9.094036970170643,9.111065383040316,8.997137121324476,9.085341105457394,
NRU,Nauru,MtCO2,,,,,,,,,,,,,,,,,,,,,,,,,,,,,,,,,,,,,,,,,,,,,,,,,,,,,,,,,,,,,,
NPL,Nepal,MtCO2,,,,,,,,,,,,,,,,,,,,,,,,,,,,,,,,1.1573065542296537,1.5281485463239308,1.733024041302763,1.9156473329689885,2.1361057548008784,2.7960249216967465,2.8144718037509553,3.0696544778691517,4.143693062492133,6.175011762797497,3.8071363637247604,3.9587969575250432,3.7570234722794402,5.0393975211242665,4.272090654097896,4.5643250284483505,4.23192711060075,4.626386140244697,5.512159655560176,7.42943314383072,9.58882839700082,10.319072459714224,10.273264820839863,12.792443654577106,13.770037261701821,12.566644202620017,15.300017880197638,17.026640840937386,19.52956623453583,22.159620187400776,
NLD,Netherlands,MtCO2,,,,,,,,,,,,,,,,,,,,,,,,,,,,,,,,200.8341025202992,209.02817573282883,237.6851063663494,218.80580371887856,214.6511791269802,218.0707909865291,215.5428253318538,209.98623569356766,215.04721608447736,144.47413439574424,143.4741133590677,140.02444200822,151.80800785485278,189.09873906020388,189.9388544563235,191.99968305727512,219.2377311402553,181.33017298115905,183.6880727024919,177.62968758490925,184.52497142306845,168.4628995471356,165.22620236697006,161.04931155409068,156.19518880956687,154.51280981111654,151.76861952751545,150.63880164875522,152.52569808330284,148.05349227482955,
NCL,New Caledonia,MtCO2,,,,,,,,,,,,,,,,,,,,,,,,,,,,,,,,,,,,,,,,,,,,,,,,,,,,,,,,,,,,,,
NZL,New Zealand,MtCO2,,,,,,,,,,,,,,,,,,,,,,,,,,,,,,,,27.117374387817048,27.288992292765574,28.58399701228856,28.609240838631422,29.432127885897177,30.64645301431179,32.31787810100113,34.086876031398155,31.219046744863416,34.31168607195058,33.139724819364496,34.010263750296424,35.62374867364738,37.754752030623834,39.58350746606593,42.04530924328973,40.0109265980963,40.7350238128361,41.19302792268363,36.5140119212113,36.96442655280614,38.20451233397993,39.47607947006167,38.974697086821834,39.206908110927706,38.78571901165537,37.75987777337233,38.76719315919046,39.28196140534343,40.118312770922834,
NIC,Nicaragua,MtCO2,,,,,,,,,,,,,,,,,,,,,,,,,,,,,,,,2.56289472029789,2.5467771137644513,3.08558222437219,2.9189296405561236,3.112243622236507,3.320165840425966,3.3865818236257077,3.7320650144210403,4.08306863607951,4.37599862343138,4.628606216757123,4.80034791207059,4.988509222633933,5.694299110785303,5.57054804202809,5.669198610696573,5.831563546894763,6.0090592353852506,5.617653015240457,5.549318838409647,5.91431851245477,6.235963026161183,6.3723069755885104,5.925215153450083,5.983117115608013,6.515894774012067,6.428308476753937,6.465164183619753,6.316979989135493,6.50640077564059,
NER,Niger,MtCO2,,,,,,,,,,,,,,,,,,,,,,,,,,,,,,,,,,,,,,,,,,,,,,,,,,,,,,,,,,,,,,
NGA,Nigeria,MtCO2,,,,,,,,,,,,,,,,,,,,,,,,,,,,,,,,37.885535764765336,39.9359123787085,43.951058376888675,43.8600253332593,36.964349662100304,33.76668452710483,36.56240200887982,44.6407350755487,42.68561931810439,35.06110450375053,46.75538966341026,64.5086603144412,72.0804498053662,77.95659754544016,84.50262075148117,92.32486217170259,72.39446317524262,86.5066051671745,88.71038664742908,81.6326907118481,94.7302189680792,99.96211285531497,83.91496569128164,118.76374872224464,121.25768128439972,124.26524621047095,127.64624406082304,119.33450122267887,126.54494281286476,130.46583392610276,
NIU,Niue,MtCO2,,,,,,,,,,,,,,,,,,,,,,,,,,,,,,,,,,,,,,,,,,,,,,,,,,,,,,,,,,,,,,
NOR,Norway,MtCO2,,,,,,,,,,,,,,,,,,,,,,,,,,,,,,,,,,,,,,,,,,,,,45.065248523300134,44.0387317359077,45.3089796385413,48.32567667295683,53.1570079621097,50.65962438110273,48.772528916190936,51.015667959707365,51.18792553510057,49.96109420881444,48.55590901922127,48.40651787505747,49.041079875430874,49.45523911743543,49.2893431827764,48.81962731489799,48.1524411976465,
PSE,Occupied Palestinian Territory,MtCO2,,,,,,,,,,,,,,,,,,,,,,,,,,,,,,,,,,,,,,,,,,,,,,,,,,,,,,,,,,,,,,
OMN,Oman,MtCO2,,,,,,,,,,,,,,,,,,,,,,,,,,,,,,,,12.515960701688071,13.353432009594416,13.675301072741403,15.298684086030471,17.032242987243844,17.50436296613118,16.736945235042743,17.23663890097208,18.628626537740633,18.5928611694038,19.038418762419614,19.035385295515454,23.36519409804826,28.67995627807343,23.87491294266181,25.43317666640139,35.54021311716058,39.552952875433796,41.013731479889664,42.804717940906166,40.71293852865177,43.1520026990888,54.443854578420265,58.06006834287036,60.94937604423177,66.58053406143956,67.68141923758454,68.78584093430537,61.88172376179566,59.85167216274033,
PAK,Pakistan,MtCO2,,,,,,,,,,,,,,,,,,,,,,,,,,,,,,,,72.3070636765939,70.52301647959406,77.46568327980533,82.23938794073565,88.80776557862991,88.52285120557853,98.73388123600724,97.50191249793609,96.80671096591037,106.67988179016005,113.40014738996973,112.4181704229595,121.19439844834336,121.29264860079913,135.76527518738948,147.33447842103027,155.45258344929576,164.05404153607262,165.0408767973669,163.677627176019,162.5248912337743,163.36530396446773,165.66874765505827,162.19304603189673,167.70364779776116,179.77561567704458,215.22250283927653,242.3355709577044,246.18871488540083,239.76922947529746,
PLW,Palau,MtCO2,,,,,,,,,,,,,,,,,,,,,,,,,,,,,,,,,,,,,,,,,,,,,,,,,,,,,,,,,,,,,,
PAN,Panama,MtCO2,,,,,,,,,,,,,,,,,,,,,,,,,,,,,,,,2.879501504299288,2.996952647620811,3.503843821023627,3.385671281254009,3.565218858685206,3.4850043216708317,4.0476796540765205,4.274838621693934,5.284155703676521,5.808910793608523,5.557004971253853,5.816476799160573,5.997573156844243,0.19734519515522497,0.8249700983637812,-1.1830988842346886,-1.4119098823317107,0.8682468987354873,5.366689011740136,17.700158387257243,25.244798422909046,15.069260760459215,27.653633570302958,23.845666428055598,24.736755507362872,24.13178519848778,23.186229815054826,23.92052631294139,24.12121297479443,24.42558589378626,
PNG,Papua New Guinea,MtCO2,,,,,,,,,,,,,,,,,,,,,,,,,,,,,,,,,,,,,,,,,,,,,,,,,,,,,,,,,,,,,,
PRY,Paraguay,MtCO2,,,,,,,,,,,,,,,,,,,,,,,,,,,,,,,,3.7680525731390664,3.8129541472896133,4.34407632636186,4.5047432352202135,5.099519439160043,5.6043984088106304,5.28805500234638,5.864991180635436,5.736557086297437,5.865667486319594,5.360586886264097,5.367091457580344,4.865771351442906,5.3185883767888305,5.62979439116446,5.545329101890601,6.13609513494956,6.4744939275630164,8.13322995444366,7.286401105593609,8.885364261499404,8.896621041758157,9.133088062835588,9.302136407438894,9.518463133431853,9.8003585310906,10.453071952807477,11.20046986271939,11.933969987947295,11.950726948999007,
PER,Peru,MtCO2,,,,,,,,,,,,,,,,,,,,,,,,,,,,,,,,23.9642778652112,23.718885438341317,24.075355387047694,26.600007068859288,26.96053312079871,28.214368870237845,27.631425221830284,30.8342610874162,31.65021180818508,33.32540105077689,34.53961411529288,30.97125623655441,33.03533390585883,29.58382586513625,33.00995991744323,37.3382959464273,32.30642125047007,37.6914945363176,49.24445905440967,51.94259288972086,60.902889797607,55.68820150093017,62.7155414466064,55.808445579342504,61.45881260206344,60.052267269761806,61.35821519761046,61.61135510059236,62.93893913180684,63.17265957955004,
PHL,Philippines,MtCO2,,,,,,,,,,,,,,,,,,,,,,,,,,,,,,,,61.67927233469906,61.82315925925223,75.91862206681647,71.35863620974148,74.0479835215714,79.24409405697583,78.6544038823389,86.75420834951346,78.21875640384704,84.2183253388136,91.37287667251809,88.54213726389497,86.17423121671503,91.39374847913165,90.17303325840994,93.47985659799929,86.31293823359165,91.2594502805887,100.3621153096001,96.1141442425901,105.11821651460507,107.70936194865624,115.34591614224873,126.54266225768787,129.9172291788899,137.10331552848552,143.5625432698072,153.47125878825582,159.40869631869782,164.37360061921626,
BOL,Bolivia,MtCO2,,,,,,,,,,,,,,,,,,,,,,,,,,,,,,,,5.605688610678164,5.83756430577661,6.554003760979253,7.559441775064374,8.06180664784022,9.03710869377305,9.35141843122102,10.965270876732406,11.24206783284189,11.312698848209441,9.047753484632244,8.568052757329118,9.269785988542678,9.310533848169326,9.048512934020707,9.61207795602626,9.918667020072764,10.74556722948126,11.876072106084706,13.482754234654173,14.089761720609557,15.73719953862595,15.911735601275396,17.174385778623442,18.50090581844336,20.343205756006395,22.37398565709135,22.995663937571564,23.27066232418312,23.38295314966798,
POL,Poland,MtCO2,,,,,,,,,,,,,,,,,,,,,,,,,,,,,,,,322.46423504982175,337.0471329943179,345.889074874284,336.2731270669415,323.59200058429496,321.2734824263298,328.80654053221224,321.3485820075286,295.45392999000995,308.00656591397546,295.53048025763314,290.34576133047545,283.0595002666512,282.4200719063981,288.38118672535336,288.42477706073714,306.1848214775357,316.5345568413336,319.727673049202,303.5794747278792,321.2888328981778,323.93362266581727,315.6944790474277,304.5274872570623,293.24480861906557,290.7452061807315,291.06663008842946,298.53769978371093,300.00411631755037,283.4680190894875,
PRT,Portugal,MtCO2,,,,,,,,,,,,,,,,,,,,,,,,,,,,,,,,52.10431498706536,54.287662329807866,60.12321447770881,58.525133637570235,59.308140991395256,63.38595337902373,60.76630824039563,64.92221055638414,69.71596723220507,73.79267605043474,78.1189552763015,77.03471334044566,80.65418445217466,77.4344844590438,82.08077694734611,85.86950686436283,80.26515709083411,75.18711741701748,73.28381082572257,66.81716930086476,64.8497465737484,62.50855391547433,57.251988095735776,55.062758735050004,54.79621540632983,56.6695210850846,54.90141936922574,58.21561484713077,56.60965218837904,53.130157302299004,
QAT,Qatar,MtCO2,,,,,,,,,,,,,,,,,,,,,,,,,,,,,,,,10.746134779609386,15.871621499791198,23.112095183957923,26.883171862482502,26.82247285824216,28.002533475863213,28.38548225520209,30.959791396618666,27.77063684212774,16.3092402270171,16.155531025454444,20.064018199012665,23.791702812114085,23.02945806914181,22.468212980762047,28.498275857609357,30.962927913994633,34.51385152328725,39.7357077129078,45.585117003599436,42.58866173089917,36.52493465774794,45.02116572369497,42.04486445407526,48.4650505862171,57.954224112587006,65.27125019638373,67.84269264383379,69.00989617970947,76.75220250973148,
CMR,Cameroon,MtCO2,,,,,,,,,,,,,,,,,,,,,,,,,,,,,,,,3.0354044272097958,3.07636360437472,3.238429258253607,3.412290810770967,3.3471906997933547,3.6541411272762034,3.937659993377403,4.011024972189694,3.9677623699461733,3.2520014021562393,4.013047860229906,4.549522999606934,4.570331164686833,5.29182627430369,5.11966476598775,5.249104245752987,5.33840346481013,6.12034130906462,6.70227084755503,7.8094014609993065,7.97608723201125,8.44103920829136,8.77194251401116,8.778471367227063,10.213333280955053,10.264813020062004,10.272422110924417,10.545398842691496,11.063462806815542,10.442018186206164,
KOR,South Korea,MtCO2,,,,,,,,,,,,,,,,,,,,,,,,,,,,,,,,321.0397594191689,342.59459303318926,396.7022030650947,404.9334022600424,426.66868476849464,452.3124180458107,493.71905552410834,501.4594464014264,361.6625786922676,435.4690206989026,484.37041928280865,474.14877354255395,519.738967055451,532.8669395637024,537.0854610883299,575.174353826831,606.2503884888844,628.2428705410074,636.722668190169,579.8478256947054,650.8064649901613,675.671695416575,666.5499224124179,671.9154122182371,675.901713205422,675.7676746002563,675.612691127803,696.028371997827,714.9301334763719,697.9130579627507,
MDA,Moldova,MtCO2,,,,,,,,,,,,,,,,,,,,,,,,,,,,,,,,,,,,,,,,,,,,,,,,,,,,,,,,,,,,,,
SSD,South Sudan,MtCO2,,,,,,,,,,,,,,,,,,,,,,,,,,,,,,,,,,,,,,,,,,,,,,,,,,,,,,,,,,,,,,
SDN,Sudan,MtCO2,,,,,,,,,,,,,,,,,,,,,,,,,,,,,,,,,,,,,,,,,,,,,,,,,,,,,,,,,,,,,,
REU,Réunion,MtCO2,,,,,,,,,,,,,,,,,,,,,,,,,,,,,,,,,,,,,,,,,,,,,,,,,,,,,,,,,,,,,,
ROU,Romania,MtCO2,,,,,,,,,,,,,,,,,,,,,,,,,,,,,,,,158.2410253681653,128.03063858804964,117.8526762372872,109.89643507520333,102.58504780059873,103.87404276779053,100.37213071044316,89.36727260782861,87.42015125436194,77.87315059867494,81.3944255458059,87.0816317127108,87.16034665617987,92.53675465604572,95.2384621978977,104.49736781853416,117.12868443927199,108.1037455430757,109.94041376423307,86.70651018444543,85.65575768043396,90.66462849803186,85.90715211655903,76.06776257761045,76.0740568104418,76.30446973824144,74.52081760029206,77.81069385258547,79.05321126935173,76.74881712620247,
RUS,Russian Federation,MtCO2,,,,,,,,,,,,,,,,,,,,,,,,,,,,,,,,2041.7571378959371,2076.507129817978,791.45673246596,1121.3202181463444,1180.6381741321347,1172.244214252023,1255.920231500264,1178.3785525980747,1053.5513872077481,1010.3644764228878,1000.9791730412722,1122.7704375822623,1128.952928224363,1199.9914848083286,1213.0626745883508,1236.643018688583,1254.7680648703788,1328.5590241716393,1345.4471817397673,1279.4213157422216,1349.7910522186971,1421.8646123368571,1475.4195456863024,1437.7133969870981,1420.027387851908,1389.4524326048665,1420.0824255487066,1443.7602314281005,1415.763368875196,1433.7454813414663,
RWA,Rwanda,MtCO2,,,,,,,,,,,,,,,,,,,,,,,,,,,,,,,,0.524245790934624,0.4724800789323267,0.4798358139584533,0.4832974921370347,0.4624598617192694,0.455092363637923,0.4643777686709443,0.4828799415988827,0.4818735627572203,0.5029853485044337,0.5155095999414057,0.5227597292481263,0.5192507583917391,0.5094734126776836,0.5161384326570083,0.514596909027058,0.5147943959243103,0.5425715102136524,0.5282001455604061,0.5586628231108063,0.5738142308330116,0.6474929039301324,0.7189848981077143,0.7828440383665184,0.827757048604519,0.9198209606986913,1.0371447455181082,1.0512231926249387,1.1428613941452361,1.1882798179825906,
SHN,Saint Helena,MtCO2,,,,,,,,,,,,,,,,,,,,,,,,,,,,,,,,,,,,,,,,,,,,,,,,,,,,,,,,,,,,,,
LCA,Saint Lucia,MtCO2,,,,,,,,,,,,,,,,,,,,,,,,,,,,,,,,,,,,,,,,,,,,,,,,,,,,,,,,,,,,,,
SXM,Sint Maarten (Dutch part),MtCO2,,,,,,,,,,,,,,,,,,,,,,,,,,,,,,,,,,,,,,,,,,,,,,,,,,,,,,,,,,,,,,
WSM,Samoa,MtCO2,,,,,,,,,,,,,,,,,,,,,,,,,,,,,,,,,,,,,,,,,,,,,,,,,,,,,,,,,,,,,,
STP,Sao Tome and Principe,MtCO2,,,,,,,,,,,,,,,,,,,,,,,,,,,,,,,,,,,,,,,,,,,,,,,,,,,,,,,,,,,,,,
SAU,Saudi Arabia,MtCO2,,,,,,,,,,,,,,,,,,,,,,,,,,,,,,,,193.90347314231556,262.94968086480867,287.6436731946008,314.01117687886574,303.2773345536191,245.74008401553377,243.00574758611398,205.71219338019387,218.41169660570003,187.60562490028846,207.24139362725884,220.36869462347923,237.79740807814747,305.9035238409462,354.917714172916,358.7718752565607,408.0675437693873,374.3300483072076,416.6800784690097,459.163199543686,509.6877656392573,488.8935502345584,543.941728675345,557.135736794373,622.612989645999,702.9579857658528,668.7402636434117,663.0162617292902,640.1514214465113,645.8649065719217,
SEN,Senegal,MtCO2,,,,,,,,,,,,,,,,,,,,,,,,,,,,,,,,3.4005306683293512,3.639874827571367,3.7455349846794737,3.8594564517361967,4.023393394637357,3.7590225645279998,4.397407774780974,4.0316856128889995,4.197651563728407,4.472343993474133,4.843560678382543,5.292746806446036,6.791275020071886,6.138722297526719,6.386626422733481,7.058173413075437,6.420489037522156,6.8800851187376,7.1260355924403065,6.715478909502,8.13007879331186,9.2062697652772,9.518845052781495,9.642774114673811,10.175247788514417,10.5082847691734,10.614827793840453,11.258681259887565,11.711841496103611,11.206028519619963,
SRB,Serbia,MtCO2,,,,,,,,,,,,,,,,,,,,,,,,,,,,,,,,,,,,,,,,,,,,,,,,,,,,,,,,,,,,,,
SYC,Seychelles,MtCO2,,,,,,,,,,,,,,,,,,,,,,,,,,,,,,,,,,,,,,,,,,,,,,,,,,,,,,,,,,,,,,
SLE,Sierra Leone,MtCO2,,,,,,,,,,,,,,,,,,,,,,,,,,,,,,,,,,,,,,,,,,,,,,,,,,,,,,,,,,,,,,
SGP,Singapore,MtCO2,,,,,,,,,,,,,,,,,,,,,,,,,,,,,,,,71.49031151542538,74.49164861308793,84.59227018529943,85.1928231109505,92.26900333354,90.76711269120659,102.38466964871934,112.93354718672877,95.70167477610153,101.56863277803218,119.97263303230773,101.23523580914774,101.80520232217684,109.14006220748217,113.74947480091727,137.43530027024676,166.42283033671825,109.0971575912273,118.62752331173151,111.61212003111501,115.8057902758361,110.16340508847446,122.55294589388728,123.01805785081304,120.5562502665631,114.35192955360459,106.58684281636856,108.85269364919327,113.78562031207616,111.00262840573022,
SVK,Slovakia,MtCO2,,,,,,,,,,,,,,,,,,,,,,,,,,,,,,,,72.6729150040542,57.211374682109266,55.59199682422283,51.5358530281089,45.13471413154037,47.10346134711799,48.15988772894567,47.01299735892283,48.236048227371036,44.87939277220593,44.32045181731493,45.78942482277387,45.04958306778564,43.78413472497093,43.98464060852107,44.51183422384491,47.917608481596325,48.4856450431584,52.001119537597994,46.64994040134817,48.78431702106857,49.78948872280571,46.1511678929873,46.704563214302766,45.8570385572101,46.52130956173727,46.02856258732417,47.327148556682495,48.16196162760253,46.03666533149053,
SVN,Slovenia,MtCO2,,,,,,,,,,,,,,,,,,,,,,,,,,,,,,,,15.84691508720441,15.082079381827883,19.08414316343568,17.830767042748,17.035933065995945,18.456581128899945,17.85834397604088,18.45069391359865,18.784072339428732,18.088525190276197,18.90604594699733,18.543828987508586,18.785855098932167,18.748242040514434,18.72259109402891,19.247383405854965,21.130347008558335,21.72556760112585,22.553067427683246,19.863726752035575,21.1209258682312,23.20929448453158,19.8973932757981,19.318487754165673,18.026104952752306,18.113088078598263,18.464489151552325,18.672575892949364,18.754080112320228,18.558584217375692,
SLB,Solomon Islands,MtCO2,,,,,,,,,,,,,,,,,,,,,,,,,,,,,,,,,,,,,,,,,,,,,,,,,,,,,,,,,,,,,,
SOM,Somalia,MtCO2,,,,,,,,,,,,,,,,,,,,,,,,,,,,,,,,,,,,,,,,,,,,,,,,,,,,,,,,,,,,,,
ZAF,South Africa,MtCO2,,,,,,,,,,,,,,,,,,,,,,,,,,,,,,,,219.11946826848578,238.18305141400768,222.97255360206125,230.49661462555127,247.47475795654773,260.31124872371595,253.36265962860344,267.36414038267634,257.85170056042176,283.01094582346116,278.3293765605459,261.016488075834,246.13388825011324,280.1034943573511,322.9587646913239,302.0300605011206,326.6095717907583,329.25011644108537,328.6503264714439,350.30934351762136,330.1685073771242,331.7492473465115,332.6529863786221,326.71175487833483,336.83044368873016,321.6420487082315,324.0449791095374,329.91546987266963,331.1018593464993,336.948556671848,
ESP,Spain,MtCO2,,,,,,,,,,,,,,,,,,,,,,,,,,,,,,,,265.20646073254227,270.92072412588954,292.63060909325947,272.4902556802712,275.88842645525335,287.6630246640253,271.1454146876277,276.8176320231157,292.89061602127725,314.6850703423896,330.2715100243101,334.52310659983164,362.31479987078563,362.6712227236171,392.0972422638297,417.0091648881693,428.3619589177904,438.47919272244627,407.5360218042483,350.28313042561894,343.77181848451124,337.03078973776377,311.9777160717221,282.26754038170344,281.4706998232213,286.30430247960714,274.3710385356556,285.8648340785952,287.6788768035721,272.69478049008103,
LKA,Sri Lanka,MtCO2,,,,,,,,,,,,,,,,,,,,,,,,,,,,,,,,6.239295584560243,6.896507026395507,7.854014276224674,7.8808161338605975,8.602367907455301,9.182925194356686,10.08409206925516,10.261762808806703,11.03083961373328,13.855872475403165,15.027467309239952,15.53035669306099,17.362323958493914,16.783058025911394,17.949936943239035,19.159692070930987,18.42312785132116,18.476953286461743,20.291431962360168,19.882696443385893,21.22337377369341,26.097032678036573,27.850908607583563,26.75119688185237,28.88727922502268,29.900122614098695,32.204681532271856,32.239081638978206,31.31602073283508,32.37803297223821,
KNA,Saint Kitts and Nevis,MtCO2,,,,,,,,,,,,,,,,,,,,,,,,,,,,,,,,,,,,,,,,,,,,,,,,,,,,,,,,,,,,,,
SPM,Saint Pierre and Miquelon,MtCO2,,,,,,,,,,,,,,,,,,,,,,,,,,,,,,,,,,,,,,,,,,,,,,,,,,,,,,,,,,,,,,
VCT,Saint Vincent and the Grenadines,MtCO2,,,,,,,,,,,,,,,,,,,,,,,,,,,,,,,,,,,,,,,,,,,,,,,,,,,,,,,,,,,,,,
SUR,Suriname,MtCO2,,,,,,,,,,,,,,,,,,,,,,,,,,,,,,,,,,,,,,,,,,,,,,,,,,,,,,,,,,,,,,
SWZ,Swaziland,MtCO2,,,,,,,,,,,,,,,,,,,,,,,,,,,,,,,,,,,,,,,,,,,,,,,,,,,,,,,,,,,,,,
SWE,Sweden,MtCO2,,,,,,,,,,,,,,,,,,,,,,,,,,,,,,,,85.04192969274676,84.16850118082193,93.14886842345554,86.5442695556648,85.74497912424584,84.7705517308892,89.39132678107353,84.19673616330901,85.0233864385301,80.60004590976104,82.36826826519867,78.1784966190118,80.7467546170263,86.38787940363608,87.8897425047334,86.40837488830762,88.9480229421564,91.2203501715649,87.54018970754163,74.58459925732126,86.42803486243741,82.99283128238521,78.5695586329929,74.93132405739676,72.23585409106293,70.74629884091183,69.99073649128476,70.5988382352143,71.10575220890166,67.93847876021506,
CHE,Switzerland,MtCO2,,,,,,,,,,,,,,,,,,,,,,,,,,,,,,,,85.16275878148097,87.28774726253266,94.52584047552689,86.50210251158923,85.81207756346647,89.61104883826077,107.1939581078575,95.26960968038581,115.45752572952328,105.65137907461794,114.41152843651555,103.55142860130604,96.57107153736204,109.74918449027611,110.53842956986574,112.01821820657086,109.01584729813287,115.81327469801393,118.66663074607074,110.521345511137,109.59107828994196,121.95725420966524,114.6371129515997,128.30603358712517,123.60976226807303,119.4370914502612,117.0923976239655,118.98696659049091,120.1671414167928,116.1340387335161,
SYR,Syria,MtCO2,,,,,,,,,,,,,,,,,,,,,,,,,,,,,,,,,,,,,,,,,,,,,,,,,,,,,,,,,,,,,,
TWN,Taiwan,MtCO2,,,,,,,,,,,,,,,,,,,,,,,,,,,,,,,,174.97533661292152,175.11595586483463,220.53927051543823,209.26966824839826,210.24430881563853,216.42696028869705,200.95642245732532,219.77830597937168,217.68494701400883,226.12190904119447,246.92045348845195,220.33444184478614,236.55967915067217,249.23371677160003,279.4237390059995,276.73210523132866,277.68140674278294,284.39477676020323,270.1398419314643,244.57740538319476,277.10401941666106,272.904389314029,274.8349174872631,271.53212237289273,270.8518175680435,266.1079444622412,266.6338025326896,273.9481169775442,280.1229678386847,274.9784253111064,
TJK,Tajikistan,MtCO2,,,,,,,,,,,,,,,,,,,,,,,,,,,,,,,,,,,,,,,,,,,,,,,,,,,,,,,,,,,,,,
THA,Thailand,MtCO2,,,,,,,,,,,,,,,,,,,,,,,,,,,,,,,,120.68240458404239,122.8452707672102,157.26275701039566,154.55568787764196,158.86378737359715,174.46952481221194,183.9030234263728,172.57814764102258,129.5523547809194,147.41249115709857,154.6791991647353,160.0347550335259,160.6308622262025,183.4908640532462,205.141063474292,218.60631995888548,214.51679129897573,215.70293075365393,225.4461605099176,225.10287552637206,249.86143033130216,258.3271566342837,278.13357287465385,288.9177015690387,282.7398769238094,279.05445832297295,272.690393318527,277.7166998836314,279.620253882233,281.32502778107863,
TLS,Timor-Leste,MtCO2,,,,,,,,,,,,,,,,,,,,,,,,,,,,,,,,,,,,,,,,,,,,,,,,,,,,,,,,,,,,,,
TGO,Togo,MtCO2,,,,,,,,,,,,,,,,,,,,,,,,,,,,,,,,1.2755474737635815,1.3750929675713597,1.3998207097079662,1.4490781189508286,1.4692989666142189,1.679895909066639,1.6561611172463977,1.3487505079776565,1.8637863002085766,1.9135750011903616,1.605822718860815,1.7309338757761636,1.9142230404748073,2.630792366717823,2.653404613974217,3.2333297534518053,3.4426330108752303,4.767934678632144,3.959759103343853,4.362805352853237,4.68007594201048,4.629604151223554,8.374551178889208,7.030425823633483,6.944783147625657,6.9215687954165865,6.994780972588933,7.051750882267924,7.302617505792949,7.190231650185467,
TON,Tonga,MtCO2,,,,,,,,,,,,,,,,,,,,,,,,,,,,,,,,,,,,,,,,,,,,,,,,,,,,,,,,,,,,,,
TTO,Trinidad and Tobago,MtCO2,,,,,,,,,,,,,,,,,,,,,,,,,,,,,,,,11.752644432190786,12.419573867538455,13.983159665685099,12.855367779409285,12.242974039273266,11.168051172841713,14.315880037428125,14.86745875535118,15.133709324063439,13.660110954148815,12.697024702084763,15.251914119993138,17.956863997802987,19.894114311763413,18.787099598362992,18.533364213444774,13.536105905265496,19.64713781204035,19.971109717956356,29.488683580993158,28.447345382737964,23.86989655303378,24.203617305193628,23.586601910310815,27.1741201329921,30.046098516307282,29.76074817114315,28.079321845446156,27.87473307930964,30.267130000339026,
TUN,Tunisia,MtCO2,,,,,,,,,,,,,,,,,,,,,,,,,,,,,,,,16.124711380087273,17.16608265132204,21.429753386181215,19.924383297788015,17.82975465623147,18.022525221767623,18.69067336774792,19.35378066382948,18.459517561173666,19.481761890008954,22.617667559800978,21.407798397271037,22.118263565194756,20.701189122896444,21.53811746836182,21.08360109234837,22.003052447100448,21.803556918294216,24.12095675458748,23.395755076783832,25.560546210827614,24.623494578067326,23.987631397327878,26.13836446153768,27.150051029575835,28.193895448746645,27.51592009438558,27.764518186993204,27.392967221818992,28.29609073407123,
TUR,Turkey,MtCO2,,,,,,,,,,,,,,,,,,,,,,,,,,,,,,,,212.8623814807083,211.44015040454167,246.4119458027128,229.09474616279238,208.168723430342,221.38815160560924,209.8009813085787,223.78329956621135,226.81013464771422,228.93172439180708,266.30912827717,212.07520679511467,234.76343260661793,250.53545630041313,274.7845902485075,301.6596341147224,319.42903578151055,362.4301012629829,357.1892642780422,334.3293857848846,364.10839636916177,386.82300754018905,394.36307939934403,395.05963430241735,401.68958903360834,412.426955080591,429.0906748911823,444.336894137015,427.7362216250787,398.9891537048413,
TKM,Turkmenistan,MtCO2,,,,,,,,,,,,,,,,,,,,,,,,,,,,,,,,,,,,,,,,,,,,,,,,,,,,,,,,,,,,,,
TCA,Turks and Caicos Islands,MtCO2,,,,,,,,,,,,,,,,,,,,,,,,,,,,,,,,,,,,,,,,,,,,,,,,,,,,,,,,,,,,,,
TUV,Tuvalu,MtCO2,,,,,,,,,,,,,,,,,,,,,,,,,,,,,,,,,,,,,,,,,,,,,,,,,,,,,,,,,,,,,,
UGA,Uganda,MtCO2,,,,,,,,,,,,,,,,,,,,,,,,,,,,,,,,1.5179702469387537,1.5472569381264527,1.6050722161620008,1.7773941839196912,1.7146678553333086,1.9610305764838287,1.7050421627595327,1.8546689346871033,2.531154249422341,2.6085147127365294,2.231280803956303,2.7326449383712195,2.438419759352757,2.8740655318032133,2.9899889588121007,3.503677784465958,4.27487456066242,4.40222358765959,4.823043232507134,5.486958094455787,6.0314073833642565,6.257171706504621,6.42226448598383,6.465019597610859,6.82645465584896,7.04371093889738,7.245618065876044,7.618246699759813,7.905531384285223,8.046075944083247,
UKR,Ukraine,MtCO2,,,,,,,,,,,,,,,,,,,,,,,,,,,,,,,,506.0374355021004,459.88965929542536,443.0297101902943,375.603612969002,276.5293039454957,221.92701565557854,281.2299419556033,272.38283624665377,243.64377238504858,236.0857098894767,211.70075821478943,252.81342733157717,249.7263835435772,227.68348096265933,215.72465996595471,244.8009424862496,255.9294979369828,274.465948536369,275.79062032769207,234.9681577649069,245.05276248006507,261.90316488979903,262.12008504491035,260.76151571675587,224.22815444054518,195.70380672165254,205.86038451404215,203.17597172771397,220.26953983742365,214.65930291418582,
ARE,United Arab Emirates,MtCO2,,,,,,,,,,,,,,,,,,,,,,,,,,,,,,,,56.18570091721987,61.606859526367465,64.01627281436237,69.71411343906753,77.97612303570027,77.62636594237874,79.92075491056801,81.14317410686154,93.37568492777727,80.8514110487545,103.16859637491622,104.7361166119257,97.48601450812731,129.1378972629218,145.81904995325797,164.09988827636508,173.2253127577302,203.25110484536,244.66189019489727,196.02552322557014,206.12661616090134,227.3732265870351,221.00425776151982,231.0522542700581,229.33584288183067,229.33873125949023,224.23926425198283,203.3752301276285,205.42370329140184,201.91019562644772,
GBR,United Kingdom,MtCO2,,,,,,,,,,,,,,,,,,,,,,,,,,,,,,,,668.9078052121043,676.5164185724707,692.2899926829297,657.5519263419993,651.471173745865,647.220561841623,677.2223404373497,673.8392934912944,698.5334928787343,685.7463616625087,696.3944174689296,705.0676260881111,698.3301503578546,714.1483829693583,736.6207736051302,727.1756043839247,742.436201241834,749.8998535652837,711.2133434361671,657.180394597408,683.0624711415303,630.7093908839901,641.7406515968836,617.8506397195587,591.0777739793374,571.7917973298777,543.8915808029769,537.314598851767,539.8501373657481,521.075373602817,
TZA,Tanzania,MtCO2,,,,,,,,,,,,,,,,,,,,,,,,,,,,,,,,3.4399806714268117,3.6582036869448546,3.605854559057762,3.86598720058595,3.6221071593284013,3.9432606765076432,3.7786665478108064,4.2539925716882,4.182566108561647,4.380204676888443,4.929860897081377,5.27670542258607,5.77997870510412,6.296184526812986,6.783908708076059,8.255195067237251,9.517805029760867,9.049488517120222,10.955714874508251,10.767363325123753,11.80751174364322,14.418975810357066,16.82738118886048,19.645807220650052,19.4523877107149,19.452759781508828,19.387567455487368,19.978597154905913,20.86691066318254,20.713888445566177,
USA,USA,MtCO2,,,,,,,,,,,,,,,,,,,,,,,,,,,,,,,,5035.448115572087,4952.738232904991,5138.25158787303,5198.080720576737,5299.21380128041,5360.37290455436,5530.48469330016,5636.28745117515,5799.845214056374,5965.693680321503,6260.44361474719,6168.241489431964,6290.2529058903965,6384.998175387919,6565.0864947441405,6601.075114825951,6599.972246124363,6623.60873910912,6317.62804867667,5799.702653127754,6002.5283751686,5946.827755481177,5718.461457005367,5801.8369686428805,5827.3956643123465,5703.83667443942,5580.77854604875,5554.811811627577,5730.778405831563,5629.878008728087,
URY,Uruguay,MtCO2,,,,,,,,,,,,,,,,,,,,,,,,,,,,,,,,4.9279633229453,5.455800398872523,6.148972480880203,5.653027237704147,5.404387194227744,6.032843713075409,7.301496344359177,8.000206404681663,8.492471983646494,9.965254629053645,8.500399486151467,7.676951511460515,6.368016820180326,6.575464480933994,7.683950531572333,8.33847382323197,9.031827852951201,8.882677588073667,11.15561499975098,10.275168667964676,10.320947413043191,11.961974296512643,13.71559103799192,12.905445970572943,12.077752994286174,11.524064287513761,11.168384870041045,10.993555762746368,11.780555710265796,11.611880819287137,
UZB,Uzbekistan,MtCO2,,,,,,,,,,,,,,,,,,,,,,,,,,,,,,,,,,,,,,,,,,,,,,,,,,,,,,,,,,,,,,
VUT,Vanuatu,MtCO2,,,,,,,,,,,,,,,,,,,,,,,,,,,,,,,,,,,,,,,,,,,,,,,,,,,,,,,,,,,,,,
VEN,Venezuela,MtCO2,,,,,,,,,,,,,,,,,,,,,,,,,,,,,,,,94.3305169549039,97.81731327280845,95.1327830758767,108.95334399773854,109.2511831195906,116.44261391388157,99.20780872705524,119.09135842933561,155.45215339166444,117.02056634051483,87.8451282022149,120.50764983009428,104.77753632753293,136.7120564101589,110.56237904345149,117.7191880181174,108.91741715966135,115.58628245239754,132.27671357416082,166.11973443690056,160.18855299561216,155.44636759612584,173.64385011372704,191.88623979928994,186.59373414982448,193.9654952757078,182.2406987926921,175.8298251278529,142.13768815336897,120.63227523970808,
VNM,Viet Nam,MtCO2,,,,,,,,,,,,,,,,,,,,,,,,,,,,,,,,23.217671851011698,23.125289243218834,23.179254121481478,25.103295897490685,28.436023391291524,31.09440568755822,37.476499466225235,45.3617856360911,47.047960106398904,43.33882641825917,48.5265254902835,54.4542749753376,63.47306077681544,84.53828344663278,94.48839577790763,101.5705071332248,109.81656508274979,117.58351967277189,133.74662360019548,143.58521323598393,157.2487529458369,167.022508167339,162.81018368040617,188.75030395308121,197.86539363482981,205.80206138306468,198.86284501986248,198.36680367323856,214.70299640308784,233.44632365478822,
WLF,Wallis and Futuna Islands,MtCO2,,,,,,,,,,,,,,,,,,,,,,,,,,,,,,,,,,,,,,,,,,,,,,,,,,,,,,,,,,,,,,
YEM,Yemen,MtCO2,,,,,,,,,,,,,,,,,,,,,,,,,,,,,,,,,,,,,,,,,,,,,,,,,,,,,,,,,,,,,,
ZMB,Zambia,MtCO2,,,,,,,,,,,,,,,,,,,,,,,,,,,,,,,,2.7018756713028993,2.930313384490701,3.0116805129172888,3.220504912787756,3.2635619432847456,3.2390301459836066,3.207534788368027,4.14365631649673,3.9126888110011904,3.195992489299892,3.86880420445695,3.9074873568768034,3.9749464442094733,3.931569008511907,3.71361199607035,3.8923662989066536,4.686111122535993,5.16694821045832,6.946757064610477,6.0544336303686395,5.784257770931273,7.4107471290099864,6.91660344042096,8.497258585022166,8.99620680978679,8.790031131647298,9.28051535936382,9.697674794596617,10.116199409432086,10.025021039027134,
ZWE,Zimbabwe,MtCO2,,,,,,,,,,,,,,,,,,,,,,,,,,,,,,,,17.781403172369355,17.37084110701269,17.701006598763694,16.970520274500213,17.59728244868209,16.17616526193837,16.507339266962134,15.240212405342945,13.793907657765914,14.030366783240682,11.618319084788387,10.944155909442655,12.226097374520002,10.11733291994942,9.611190295710996,10.153191770446854,10.474060897914901,10.840249372904234,9.301309962576022,8.07718736843117,9.381965434917644,10.798052261915272,10.78574806866986,12.813355727228172,13.176016786201169,13.359763642267572,12.161548846250797,11.255832706797618,13.172323253961556,12.430817405623758,
,KP Annex B,MtCO2,,,,,,,,,,,,,,,,,,,,,,,,,,,,,,,,14787.263460010763,14612.433106376564,13922.582074938678,13866.211738271972,13898.0879261719,14001.904335873556,14325.64745251629,14262.45926517368,14292.992626522171,14451.330127969864,14882.49311069598,14880.386387332546,15102.975516703287,15399.22489262674,15750.810210605248,15867.364180371624,16069.22994375589,16181.72105772519,15736.434831685297,14484.705546605432,15031.708726295472,15090.803726351907,14732.771057984284,14562.101777322661,14307.203892665822,13993.979712964312,13797.43393610901,13828.930743546562,13976.943249749589,13678.534892191805,
,Non KP Annex B,MtCO2,,,,,,,,,,,,,,,,,,,,,,,,,,,,,,,,6754.523603225676,6965.4879225732175,7426.532077014051,7733.236556351643,7840.118799810073,8195.53803042161,8502.447479638346,8671.792804707597,8445.639384258744,8649.321902479574,8944.781456029394,9131.636573047927,9485.192986568016,10408.68809661241,11217.293855987156,12016.776075151685,12720.256923355557,13465.490522227332,14395.727718058059,15203.961068434086,16321.957347179292,17352.059400252685,18215.465805832166,18678.552522564878,19135.69909971896,19358.445969212902,19462.149407068795,19860.718955214354,20403.053730935335,20722.97514680162,
,OECD,MtCO2,,,,,,,,,,,,,,,,,,,,,,,,,,,,,,,,12872.404888260722,12796.967741158443,13522.034744877818,13230.69407117326,13336.743233561292,13501.036939793885,13743.87798368266,13849.052040023273,13926.297953133793,14231.509911392144,14804.564442412506,14575.636838269284,14866.090371207642,15159.168413386838,15529.250329959264,15691.088439845282,15910.78586132101,15987.89567288089,15556.010199271155,14331.053690217328,14921.278997983638,14952.474035924113,14593.431546589025,14475.922891019994,14268.998523253284,14006.879667424748,13774.01408905038,13796.888621968394,13956.616103001294,13585.28202957475,
,Non-OECD,MtCO2,,,,,,,,,,,,,,,,,,,,,,,,,,,,,,,,8669.382174975683,8780.953287791335,7827.079407074914,8368.754223450354,8401.46349242068,8696.405426501284,9084.216948472013,9085.200029857968,8812.334057647155,8869.142119057293,9022.710124312867,9436.386122111153,9722.07813206366,10648.744575852277,11438.853736633106,12193.051815678067,12878.701005790435,13659.315907071597,14576.152350472168,15357.61292482219,16432.387075491162,17490.38909068044,18354.805317227463,18764.731408867545,19173.9044691315,19345.54601475243,19485.56925412739,19892.761076792525,20423.38087768363,20816.228009418675,
,EU27,MtCO2,,,,,,,,,,,,,,,,,,,,,,,,,,,,,,,,4377.9216955817565,4267.951039767287,4568.32016062169,4271.855566068421,4160.4630010323235,4221.816644180483,4176.737402292693,4090.326287498257,4146.145922810577,4124.6115617333,4190.684169474037,4178.4609730831735,4232.24956641245,4300.767154821976,4417.8041208103,4426.275178867887,4602.276995803117,4518.841709311159,4453.7924480109505,4026.4160541916303,4158.974366598223,4152.312885219034,3873.4862610809564,3729.7738204770267,3605.208090266185,3577.8532443227864,3539.7731951335486,3587.17457715001,3594.264348572194,3447.2634027479708,
,Africa,MtCO2,,,,,,,,,,,,,,,,,,,,,,,,,,,,,,,,456.4021781310237,476.32916877460565,485.57304482615865,501.0351046961407,504.87650584573765,528.7440873210577,523.0455558574473,557.7275478094247,573.784195518358,597.6742560435019,620.5007647419312,608.9630895885533,600.5772212533134,668.8570396765547,716.7644960281814,737.0047575076377,761.2323611867479,800.612129267137,834.899022345201,853.0600234290126,861.8214432121031,895.2090953414253,906.990824622366,963.8176045675979,1006.111339783847,990.0855824760744,1019.0274314513186,1026.71686991808,1023.8207995862476,1035.5055829260743,
,Asia,MtCO2,,,,,,,,,,,,,,,,,,,,,,,,,,,,,,,,5763.223210378957,5859.319436794084,6289.751428724427,6494.541000648324,6637.2959200311125,7017.830955013451,7271.200379537894,7284.087943924403,6750.748997349427,7128.889884911264,7411.748095563166,7532.776690568543,7913.888567547013,8526.595002397376,9175.74037715676,9804.815658374,10286.772493130356,10862.501457603474,11481.303403815486,12210.504035801428,13132.075442544483,14167.761461942478,14832.262923799237,15129.24133991116,15339.923282958742,15442.722798500066,15576.649531619149,15925.625889124452,16543.352246000726,16807.72572954145,
,Central America,MtCO2,,,,,,,,,,,,,,,,,,,,,,,,,,,,,,,,53.0319742240706,55.093577150359,60.804032306516035,60.63063660079947,63.89894797255127,68.2171466873842,71.3351255667303,78.2348937772952,88.37854781543297,91.73803858780404,92.13097051202185,100.8244545164384,109.4395892551467,101.26801419697198,98.98445546695713,104.03478886191233,101.25138738006673,114.98782289784094,120.20585186844777,129.86363280255017,140.82079532567676,132.05956410963432,148.05825884280605,142.65329222373057,146.57351799575102,150.1946765347985,148.38593111448554,146.91415425427033,151.29734974653897,158.66116221524325,
,Europe,MtCO2,,,,,,,,,,,,,,,,,,,,,,,,,,,,,,,,7745.379653856276,7635.969908453077,6636.71688577447,6552.7598656748805,6386.052473223207,6388.984576223993,6548.206999699457,6357.030916840853,6330.499537010771,6232.787453023193,6283.30394195108,6428.027115542121,6474.612931510607,6664.347358720664,6807.014235994097,6858.168308084059,7085.628906425521,7116.733918410196,7038.403701696033,6417.737941948667,6664.088510725946,6696.7411655625065,6486.84812104703,6295.11569811641,6086.036401556173,5972.082388360587,5943.01034391031,6007.060159098058,6009.288871547978,5850.4410501742705,
,Middle East,MtCO2,,,,,,,,,,,,,,,,,,,,,,,,,,,,,,,,805.1974642669394,881.7482804451383,974.59234081803,1005.6235802296859,1014.5242421829863,989.9629544374901,980.4166328451257,974.6952777711563,1051.9822354414634,996.3606035301235,1057.4013884117896,1064.8531476801534,1100.566150762881,1303.3453187934958,1409.5218349779489,1482.964705917376,1612.8590983999927,1699.0825740207808,1810.3788499080458,1802.3807190684386,1919.1334610529805,1932.5820984468353,2023.1390439948234,2036.7588539391975,2153.842571992111,2276.7847284660133,2266.4890213730637,2310.7710565144557,2271.1548079894524,2331.3830899320865,
,North America,MtCO2,,,,,,,,,,,,,,,,,,,,,,,,,,,,,,,,5842.73781587727,5776.321998068491,5982.850214568443,6036.4354553352305,6155.064729406597,6182.999956293673,6381.677145625797,6557.757376286526,6749.477196570239,6921.083849690706,7261.33005621177,7158.75248034386,7306.869260311866,7403.732364089893,7593.345656395987,7684.797636791661,7688.650128305447,7726.75957490426,7421.023967321323,6856.586918811337,7099.155458924026,7027.401591580296,6865.43128478295,6951.05059956901,6955.268498231203,6794.2978827254665,6637.812920177229,6605.98837005547,6788.294674244306,6661.377992531973,
,Oceania,MtCO2,,,,,,,,,,,,,,,,,,,,,,,,,,,,,,,,273.20346415244893,274.98612040867147,278.5470592329663,280.0921887936722,292.24181121894657,296.77542487278623,305.7592423624515,316.99318834389027,331.453234440937,332.5496739404836,324.6945149632818,332.4085279207829,356.6132698787205,372.247976285284,387.2304621317037,384.90634322203067,401.83615007418666,413.628544877944,409.147685209703,420.8544977253687,420.696180400947,431.36148342875504,450.07019628542406,426.921526065661,436.0056691699463,436.3734954892537,427.20962076555406,427.05171258223095,418.08281421854196,415.84877817244296,
,South America,MtCO2,,,,,,,,,,,,,,,,,,,,,,,,,,,,,,,,602.6113023494446,618.1525388553754,640.2791457017634,668.3304626448634,684.252096100826,723.9272654453252,746.4538506597078,807.7249251277103,862.3080666343036,799.5682707223787,776.164834370332,785.4174542199663,725.6015127517275,767.5199150789059,779.502548440748,827.448056764681,851.256342209119,912.9055579708826,1016.8000675790908,997.6788454527108,1115.8747812886152,1159.7466661926494,1235.4362104418622,1295.0953854947754,1319.1417106970082,1289.8841296249554,1240.998542766697,1239.5214872138451,1174.705417351158,1140.5666534998634,
,Bunkers,MtCO2,213.5246666666667,238.29284507705893,263.4405888862825,273.14180411491856,285.94408835461223,313.2573580626017,323.5854273450594,350.14074117978083,374.6188879878977,396.23559479713737,414.7911287484617,436.5483951623226,461.06295326473804,491.73212537958307,526.5729731703577,488.9729305947456,447.56645105458733,438.9930078106613,449.2533856897533,456.0149360690293,457.6875059877377,446.71035314299905,412.41413669964936,373.41294209951235,358.52604448815146,359.8424714436944,367.55668040022437,393.8152641452443,527.931729110346,545.9987861796893,565.6757158709947,558.315772170541,551.0031415472723,560.1556544441916,562.8628272886704,589.9148411675237,623.2122886464457,674.4684183677733,709.8979785064677,752.2620555059757,776.8515741915207,787.4350605101749,782.5004277010213,800.2788106066564,834.8245634004797,907.265300525859,945.7975287442769,998.3847278292652,1056.173438141866,1069.253942256577,1023.36806451231,1087.21082345942,1112.7712992514982,1102.538967165229,1118.90883501144,1129.513497439514,1172.5538987445434,1186.1902286166717,1232.7006790384219,1266.1837692624633,1258.6824736074416,1004.9633956790743
,World,MtCO2,8862.63422279004,9393.765500299289,9424.316685312613,9757.152775422506,10279.000030772366,10836.738838842437,11325.469624618892,11874.497394323631,12251.95605348891,12919.308381845653,13776.58999233088,14908.409573833602,15509.546346046538,16232.9580554075,17091.222076371265,17021.974031255744,17058.903692270036,17997.061619171687,18507.991179996377,19081.64473777331,19624.289940194245,19506.80027848332,19040.758002774455,18889.49809192842,19011.85836320287,19671.023072343716,20332.27062889528,20634.63066242292,21281.67211349696,22117.48493329606,22423.140256541094,22766.13154692778,23255.014885809633,22586.050498386063,22820.091779543596,22981.29702962335,23471.01428188084,24172.541235538083,24318.236421059057,24223.888643182654,24536.807238729718,25252.572757858085,25469.577827123245,26058.142853981848,27386.64084779854,28648.368209973083,29624.322157461313,30605.78883645118,31516.662798486508,32092.784215180043,31630.046079848118,33367.56777487064,34493.53725466132,34999.52934917813,35308.70450117102,35560.30499220441,35522.240695952416,35478.26167007269,35951.88451215137,36672.8109197923,36729.215077533,34832.59191156232
